-0.0000004,6.19297
-0.0000009,6.4835
-0.0000001,6.78362
0.0000017,7.08202
0.0000033,7.36441
0.0000051,7.68888
0.0000064,8.00033
0.0000081,8.28421
0.0000099,8.58722
0.0000119,8.91043
0.0000136,9.24942
0.0000147,9.53265
0.0000161,9.82676
0.0000177,10.12914
0.0000191,10.4381
0.0000204,10.75371
0.0000217,11.07223
0.0000231,11.39286
0.0000246,11.71695
0.0000261,12.04281
0.0000278,12.36995
0.0000296,12.69772
0.0000311,13.02467
0.0000331,13.35252
0.0000349,13.6793
0.0000366,14.0035
0.0000381,14.32831
0.0000395,14.65148
0.0000409,14.97242
0.0000426,15.29436
0.0000444,15.61883
0.0000463,15.94459
0.0000479,16.2738
0.0000494,16.60532
0.000051,16.93793
0.0000524,17.27208
0.0000542,17.60651
0.0000559,17.93961
0.0000576,18.27121
0.0000594,18.60064
0.0000612,18.92787
0.0000629,19.25295
0.0000643,19.57484
0.0000655,19.89486
0.0000671,20.21429
0.0000682,20.53059
0.0000692,20.84447
0.0000704,21.15583
0.0000711,21.46429
0.0000717,21.77202
0.0000725,22.07926
0.0000737,22.38541
0.0000747,22.69203
0.0000756,22.99994
0.0000769,23.30844
0.0000784,23.61846
0.0000801,23.93023
0.0000822,24.24291
0.0000844,24.55578
0.0000866,24.86731
0.0000886,25.17631
0.0000907,25.48327
0.0000923,25.78756
0.0000936,26.08934
0.000095,26.38987
0.000096,26.68792
0.0000972,26.9828
0.0000985,27.27562
0.0000996,27.56557
0.0001008,27.85187
0.000102,28.13651
0.0001035,28.41972
0.0001053,28.77155
0.0001071,29.12407
0.0001085,29.40626
0.0001095,29.68892
0.0001107,29.97153
0.000112,30.25489
0.0001134,30.54106
0.0001147,30.82894
0.000116,31.11638
0.0001172,31.40419
0.0001188,31.6909
0.0001207,31.97732
0.0001225,32.2633
0.0001241,32.54803
0.0001258,32.83264
0.0001276,33.11729
0.0001293,33.46868
0.0001309,33.81601
0.0001325,34.15935
0.000134,34.49983
0.0001361,34.83753
0.0001375,35.17143
0.0001394,35.50747
0.0001413,35.84106
0.0001427,36.17588
0.0001445,36.51278
0.0001464,36.85178
0.0001477,37.19506
0.0001491,37.53819
0.0001504,37.88292
0.0001518,38.2262
0.0001532,38.56992
0.0001546,38.91185
0.0001565,39.25127
0.0001583,39.59101
0.0001606,39.92731
0.0001627,40.26502
0.0001646,40.59918
0.0001665,40.93128
0.0001682,41.25991
0.0001698,41.58418
0.0001717,41.90815
0.0001732,42.23244
0.0001745,42.55892
0.0001763,42.88591
0.0001779,43.21539
0.0001799,43.54459
0.0001816,43.87569
0.0001832,44.20946
0.0001841,44.54033
0.0001852,44.87266
0.0001867,45.20438
0.0001883,45.53635
0.0001899,45.86733
0.0001918,46.19845
0.0001931,46.52993
0.0001944,46.86149
0.0001953,47.19419
0.0001962,47.52545
0.0001979,47.85553
0.0001995,48.18103
0.0002012,48.50415
0.0002026,48.82693
0.0002041,49.15025
0.0002059,49.47642
0.0002081,49.80233
0.00021,50.13078
0.0002119,50.4593
0.0002137,50.78679
0.0002154,51.11381
0.0002171,51.43805
0.0002188,51.76121
0.000221,52.0832
0.0002227,52.40571
0.0002249,52.72464
0.0002264,53.04445
0.0002279,53.36686
0.0002295,53.68912
0.0002313,54.01072
0.0002331,54.3301
0.0002346,54.64957
0.0002363,54.96908
0.0002385,55.29015
0.0002401,55.61235
0.0002419,55.93638
0.0002433,56.26192
0.0002447,56.58941
0.0002465,56.91992
0.0002478,57.25069
0.0002496,57.5834
0.0002508,57.91713
0.0002521,58.24881
0.0002534,58.57721
0.0002545,58.90248
0.000256,59.22768
0.0002571,59.54868
0.0002588,59.86843
0.0002601,60.18731
0.0002616,60.50516
0.0002632,60.8254
0.0002647,61.14389
0.0002667,61.46496
0.0002691,61.78767
0.000271,62.11202
0.0002733,62.43752
0.0002749,62.76361
0.0002769,63.09258
0.0002789,63.42457
0.0002808,63.75989
0.0002829,64.09493
0.0002847,64.43153
0.0002871,64.76756
0.0002885,65.10341
0.0002899,65.43785
0.0002911,65.76528
0.0002922,66.08913
0.0002937,66.40904
0.0002949,66.72702
0.000296,67.04287
0.0002975,67.35815
0.0002988,67.67397
0.0003006,67.99046
0.0003023,68.30845
0.0003039,68.62665
0.000306,68.94748
0.0003074,69.27011
0.0003088,69.59365
0.0003101,69.91811
0.0003119,70.24615
0.0003139,70.58035
0.0003158,70.91647
0.0003177,71.2545
0.0003195,71.59129
0.0003212,71.9265
0.0003229,72.26042
0.0003243,72.59191
0.0003254,72.92222
0.0003269,73.24903
0.0003283,73.5748
0.00033,73.89676
0.0003318,74.21577
0.0003339,74.53099
0.0003356,74.84436
0.0003375,75.15825
0.0003391,75.47276
0.0003406,75.79028
0.0003425,76.11166
0.0003443,76.43571
0.0003457,76.76236
0.0003469,77.09115
0.000349,77.4258
0.000351,77.7617
0.0003533,78.0994
0.0003551,78.43734
0.0003568,78.77415
0.0003583,79.10831
0.0003599,79.4398
0.0003612,79.76965
0.0003629,80.09649
0.0003644,80.42055
0.000366,80.73959
0.0003676,81.05714
0.0003691,81.37479
0.0003708,81.6912
0.0003722,82.00484
0.0003736,82.3145
0.0003746,82.62502
0.0003765,82.93658
0.0003781,83.25185
0.0003803,83.57178
0.0003819,83.895
0.0003838,84.22208
0.0003858,84.55083
0.0003873,84.88396
0.0003893,85.21796
0.0003908,85.55178
0.000393,85.8859
0.0003946,86.21931
0.0003963,86.55441
0.0003978,86.88694
0.0003996,87.22089
0.0004014,87.55298
0.000403,87.88359
0.0004048,88.21249
0.0004061,88.53851
0.0004078,88.86373
0.0004098,89.18375
0.0004114,89.50361
0.0004132,89.82256
0.0004147,90.14149
0.0004165,90.46307
0.0004184,90.78726
0.0004204,91.11548
0.0004226,91.44552
0.0004241,91.77798
0.000426,92.10889
0.0004271,92.43907
0.0004287,92.76746
0.0004299,93.0928
0.0004314,93.41569
0.0004329,93.73592
0.0004341,94.05528
0.0004358,94.37466
0.0004365,94.69522
0.0004383,95.01424
0.0004392,95.33021
0.0004411,95.64536
0.0004426,95.95939
0.0004443,96.2739
0.0004461,96.58685
0.0004476,96.90199
0.0004497,97.21952
0.0004518,97.54118
0.0004543,97.86611
0.0004563,98.19199
0.0004583,98.52297
0.00046,98.85355
0.0004613,99.18533
0.0004629,99.51603
0.0004644,99.84496
0.0004658,100.17355
0.0004678,100.50067
0.0004692,100.8299
0.0004711,101.15984
0.0004726,101.49129
0.0004747,101.82302
0.0004762,102.15298
0.0004776,102.48145
0.0004798,102.80971
0.0004807,103.13793
0.0004822,103.46626
0.0004828,103.79669
0.0004845,104.12629
0.0004854,104.45785
0.0004868,104.79163
0.0004879,105.1265
0.0004892,105.46288
0.0004909,105.79646
0.0004922,106.12759
0.0004942,106.45535
0.0004956,106.78145
0.0004978,107.10855
0.0005,107.43491
0.0005024,107.76146
0.0005047,108.08627
0.0005068,108.41106
0.0005089,108.73371
0.0005107,109.05653
0.0005125,109.37909
0.0005142,109.70079
0.000516,110.02184
0.0005178,110.3437
0.000519,110.66813
0.0005201,110.99242
0.0005215,111.3195
0.0005234,111.64967
0.0005254,111.98117
0.0005267,112.31203
0.0005285,112.64152
0.0005298,112.97289
0.0005316,113.30203
0.0005327,113.62789
0.0005344,113.95142
0.0005361,114.27304
0.0005381,114.59581
0.0005399,114.91663
0.0005413,115.23901
0.000543,115.56171
0.0005444,115.88686
0.0005465,116.21206
0.0005483,116.53506
0.0005505,116.85932
0.0005517,117.18527
0.0005533,117.51419
0.0005545,117.84382
0.0005562,118.1771
0.0005581,118.51278
0.0005603,118.85001
0.0005626,119.18949
0.0005645,119.52861
0.0005664,119.86778
0.0005675,120.20406
0.0005694,120.5377
0.0005702,120.86675
0.0005717,121.19359
0.0005722,121.51987
0.0005737,121.8443
0.000575,122.16813
0.0005767,122.49048
0.0005781,122.81263
0.0005798,123.13394
0.0005816,123.45345
0.0005834,123.77309
0.0005858,124.09301
0.000588,124.41468
0.0005908,124.73795
0.000593,125.06649
0.0005954,125.39714
0.0005971,125.7282
0.0005985,126.05859
0.0005994,126.38872
0.0006008,126.72009
0.0006021,127.04913
0.0006032,127.37616
0.0006045,127.70148
0.0006061,128.02406
0.0006082,128.34525
0.0006097,128.66437
0.000612,128.98215
0.0006137,129.29535
0.000616,129.60626
0.000618,129.9165
0.0006204,130.22784
0.0006219,130.54089
0.0006242,130.85472
0.0006257,131.17242
0.0006274,131.49281
0.0006288,131.81932
0.0006297,132.14757
0.0006311,132.47792
0.0006319,132.8098
0.0006338,133.14311
0.0006353,133.47835
0.0006375,133.81238
0.0006397,134.14728
0.000642,134.48108
0.0006435,134.81577
0.0006453,135.15137
0.0006466,135.48529
0.0006483,135.81873
0.0006498,136.14877
0.0006512,136.47945
0.0006529,136.80949
0.0006544,137.13802
0.000656,137.46579
0.0006568,137.7951
0.0006584,138.12691
0.000659,138.45804
0.0006609,138.79257
0.0006619,139.12862
0.0006638,139.46814
0.0006653,139.80898
0.0006673,140.15045
0.0006693,140.49075
0.0006711,140.82768
0.0006734,141.16356
0.0006752,141.4958
0.0006776,141.82866
0.0006795,142.16096
0.0006823,142.49007
0.0006841,142.81346
0.0006867,143.13072
0.000688,143.44547
0.0006898,143.75926
0.0006911,144.07468
0.0006926,144.39201
0.0006937,144.71048
0.0006945,145.02957
0.0006957,145.34853
0.0006966,145.6711
0.0006984,145.99368
0.0006996,146.31937
0.0007022,146.64716
0.0007038,146.97627
0.0007065,147.30515
0.0007084,147.63054
0.0007107,147.95605
0.0007123,148.28146
0.0007145,148.60789
0.0007159,148.93138
0.0007171,149.2545
0.0007187,149.57462
0.0007201,149.89258
0.0007223,150.2115
0.0007236,150.52988
0.0007257,150.85031
0.000727,151.17171
0.0007292,151.49591
0.0007305,151.82265
0.0007327,152.15077
0.0007341,152.48392
0.0007358,152.81682
0.0007372,153.15137
0.0007386,153.48508
0.0007403,153.81775
0.0007418,154.1487
0.0007442,154.47754
0.0007456,154.80867
0.000748,155.13892
0.0007496,155.47018
0.0007521,155.79988
0.0007535,156.12743
0.0007559,156.45464
0.0007573,156.78249
0.0007591,157.11021
0.0007601,157.43434
0.0007615,157.75676
0.0007628,158.07695
0.0007639,158.39609
0.0007656,158.71648
0.000767,159.03772
0.0007691,159.36075
0.0007705,159.68512
0.000773,160.01001
0.0007742,160.33336
0.0007765,160.65611
0.0007779,160.97888
0.0007801,161.3002
0.0007816,161.62039
0.0007834,161.93674
0.0007849,162.25325
0.0007865,162.56932
0.0007885,162.88332
0.0007894,163.19522
0.0007915,163.50627
0.0007924,163.81802
0.0007944,164.12968
0.000795,164.44121
0.0007974,164.75291
0.0007984,165.06633
0.0008007,165.38448
0.0008023,165.70929
0.0008045,166.03918
0.0008061,166.37097
0.000808,166.70528
0.00081,167.03853
0.0008118,167.37238
0.0008142,167.70421
0.0008154,168.03345
0.000818,168.3622
0.000819,168.68616
0.0008217,169.01141
0.0008227,169.33624
0.0008251,169.66318
0.0008261,169.99008
0.0008285,170.31598
0.0008299,170.64168
0.0008315,170.96823
0.0008329,171.29575
0.0008338,171.623
0.0008356,171.95222
0.0008366,172.28305
0.0008391,172.61703
0.0008399,172.95573
0.0008426,173.29558
0.0008431,173.63504
0.0008454,173.96999
0.0008463,174.30116
0.000849,174.62903
0.0008504,174.95477
0.0008529,175.27847
0.0008551,175.59778
0.0008573,175.91554
0.0008596,176.22926
0.000861,176.5425
0.0008629,176.85379
0.0008639,177.16212
0.0008665,177.46906
0.0008671,177.77559
0.0008697,178.08394
0.0008706,178.39325
0.0008733,178.70691
0.0008742,179.0246
0.000876,179.34569
0.0008768,179.67213
0.0008782,180.00078
0.0008798,180.33238
0.0008809,180.66435
0.0008831,180.9987
0.0008843,181.33127
0.0008872,181.66243
0.0008879,181.99205
0.0008905,182.31932
0.0008906,182.64706
0.0008933,182.97212
0.0008941,183.29616
0.0008964,183.61702
0.0008974,183.93413
0.0008997,184.24821
0.0009017,184.56128
0.0009036,184.87703
0.0009058,185.19507
0.0009074,185.51656
0.0009102,185.84184
0.0009112,186.17165
0.0009143,186.50514
0.0009151,186.84096
0.000918,187.17892
0.0009188,187.51666
0.0009215,187.85217
0.0009228,188.18346
0.0009255,188.51038
0.0009272,188.83479
0.0009291,189.15829
0.0009308,189.4823
0.000932,189.80287
0.0009341,190.12131
0.0009348,190.43584
0.0009373,190.7482
0.0009382,191.05849
0.0009412,191.36784
0.0009419,191.67567
0.0009448,191.98209
0.0009453,192.29086
0.0009477,192.60083
0.0009486,192.91406
0.0009505,193.23067
0.0009516,193.55026
0.0009533,193.87093
0.0009553,194.19113
0.0009569,194.51462
0.0009594,194.83913
0.0009607,195.16533
0.0009637,195.4906
0.0009645,195.812
0.0009671,196.13242
0.0009676,196.45035
0.0009705,196.76569
0.0009719,197.07771
0.0009747,197.38892
0.0009763,197.69778
0.000978,198.00627
0.0009793,198.31786
0.0009807,198.63217
0.0009825,198.94962
0.0009836,199.26932
0.0009862,199.59106
0.0009876,199.91296
0.0009906,200.23759
0.0009916,200.56346
0.0009941,200.88997
0.0009947,201.21898
0.0009971,201.54729
0.0009982,201.87482
0.0010005,202.20233
0.0010017,202.52942
0.0010037,202.85718
0.0010057,203.1832
0.0010075,203.50867
0.0010098,203.83168
0.0010113,204.15268
0.0010138,204.46931
0.0010151,204.78174
0.0010173,205.09352
0.0010186,205.40605
0.0010209,205.72125
0.0010225,206.03514
0.0010246,206.35043
0.0010258,206.66702
0.0010275,206.98492
0.0010289,207.3024
0.0010305,207.61743
0.0010326,207.93323
0.0010345,208.24733
0.0010369,208.56206
0.0010386,208.8772
0.0010408,209.19446
0.001042,209.51231
0.0010444,209.83156
0.0010459,210.15346
0.0010478,210.47377
0.0010492,210.79401
0.0010509,211.11383
0.0010524,211.43417
0.0010541,211.75674
0.0010557,212.07938
0.0010573,212.40324
0.0010589,212.72662
0.0010604,213.05222
0.0010622,213.37836
0.0010641,213.70448
0.0010665,214.03047
0.0010689,214.3541
0.0010711,214.67776
0.001073,214.99835
0.0010745,215.31813
0.0010764,215.63545
0.0010782,215.95305
0.0010802,216.27115
0.0010817,216.58972
0.0010833,216.908
0.0010848,217.22247
0.0010868,217.537
0.001089,217.85188
0.0010914,218.168
0.0010935,218.48413
0.0010956,218.8002
0.0010979,219.11844
0.0010996,219.43851
0.0011013,219.76242
0.0011026,220.08693
0.0011044,220.41179
0.0011056,220.73752
0.0011078,221.06012
0.0011097,221.37938
0.001112,221.69521
0.0011138,222.01114
0.0011157,222.32507
0.0011176,222.63792
0.0011194,222.94914
0.0011216,223.25874
0.0011231,223.57066
0.0011252,223.88081
0.0011266,224.19051
0.0011288,224.49915
0.0011302,224.80727
0.0011326,225.11681
0.0011341,225.42973
0.0011363,225.74751
0.0011376,226.06711
0.0011398,226.38951
0.0011418,226.71364
0.0011444,227.04002
0.0011465,227.3652
0.0011484,227.6866
0.0011502,228.00523
0.0011515,228.32214
0.0011534,228.63676
0.0011548,228.94984
0.0011568,229.26282
0.0011581,229.5752
0.0011601,229.88622
0.0011615,230.19519
0.0011633,230.50111
0.0011648,230.8067
0.0011667,231.1114
0.0011684,231.41733
0.0011704,231.72321
0.0011725,232.03262
0.0011746,232.34648
0.0011771,232.66234
0.0011791,232.98212
0.0011818,233.30565
0.0011841,233.63264
0.0011864,233.95847
0.0011886,234.28125
0.0011908,234.6013
0.0011927,234.91502
0.0011952,235.22348
0.001197,235.53038
0.0011989,235.83763
0.0012006,236.1416
0.0012022,236.44322
0.0012039,236.74448
0.0012053,237.04417
0.0012065,237.34225
0.001208,237.63664
0.0012099,237.93124
0.0012118,238.2289
0.0012138,238.53091
0.0012161,238.83784
0.0012186,239.14856
0.0012211,239.46498
0.0012231,239.78471
0.0012256,240.10526
0.0012274,240.42416
0.0012297,240.74161
0.0012315,241.05838
0.0012335,241.37233
0.0012351,241.68373
0.0012372,241.99419
0.0012388,242.30766
0.0012408,242.6205
0.0012425,242.93274
0.0012445,243.24196
0.0012468,243.5461
0.001249,243.84979
0.0012516,244.15218
0.0012537,244.45708
0.0012562,244.763
0.0012586,245.0723
0.0012612,245.38571
0.0012634,245.69925
0.0012659,246.015
0.0012677,246.33142
0.0012692,246.64868
0.0012703,246.96466
0.0012714,247.27956
0.0012725,247.59155
0.0012736,247.89946
0.0012753,248.20442
0.0012776,248.50624
0.0012803,248.80852
0.0012826,249.10767
0.0012855,249.4062
0.0012873,249.70428
0.0012897,250.00137
0.0012919,250.29704
0.0012944,250.59215
0.0012965,250.88863
0.0012989,251.18555
0.0013009,251.48521
0.001303,251.78831
0.0013052,252.09401
0.0013074,252.40237
0.0013095,252.70953
0.0013117,253.01794
0.0013141,253.32451
0.0013162,253.62848
0.0013184,253.93071
0.0013209,254.23225
0.0013231,254.53406
0.0013251,254.83301
0.0013273,255.13167
0.0013295,255.42839
0.0013314,255.72412
0.0013339,256.02032
0.0013363,256.31528
0.001339,256.61108
0.001341,256.90436
0.0013431,257.19888
0.0013446,257.49472
0.0013462,257.7955
0.0013475,258.09967
0.0013493,258.40631
0.0013514,258.71518
0.0013535,259.02466
0.0013557,259.33582
0.0013583,259.64462
0.0013611,259.95102
0.0013638,260.25455
0.0013665,260.55603
0.0013686,260.8569
0.0013712,261.15521
0.0013734,261.45001
0.0013756,261.741
0.0013774,262.03113
0.0013797,262.3175
0.0013818,262.6026
0.0013838,262.88602
0.0013866,263.22327
0.001389,263.50589
0.001391,263.79105
0.0013932,264.07941
0.0013954,264.36804
0.0013978,264.66202
0.0014004,264.96133
0.0014027,265.26309
0.0014055,265.56677
0.0014079,265.86734
0.0014107,266.16772
0.0014132,266.46439
0.0014161,266.75723
0.0014185,267.04633
0.0014208,267.33414
0.001423,267.62192
0.0014249,267.90842
0.0014268,268.19501
0.0014288,268.48041
0.0014315,268.76367
0.0014342,269.04623
0.0014371,269.3291
0.0014398,269.61472
0.0014426,269.90146
0.0014448,270.19305
0.0014473,270.48727
0.0014494,270.78625
0.0014514,271.08704
0.001453,271.3887
0.0014554,271.69223
0.0014578,271.99402
0.0014605,272.29535
0.0014634,272.59338
0.0014663,272.89227
0.0014693,273.19006
0.0014716,273.48648
0.0014742,273.78195
0.0014767,274.07343
0.0014795,274.36206
0.0014818,274.64569
0.0014842,274.92853
0.0014871,275.26654
0.0014902,275.60284
0.0014934,275.93747
0.0014965,276.27551
0.0014984,276.55823
0.0015008,276.89673
0.0015028,277.1799
0.0015055,277.46414
0.0015082,277.74994
0.0015112,278.03381
0.0015139,278.31601
0.0015177,278.65118
0.0015205,278.98578
0.001524,279.31821
0.0015267,279.64844
0.0015295,279.97836
0.001532,280.30887
0.0015347,280.63525
0.001538,280.96179
0.0015409,281.28806
0.0015443,281.61609
0.0015478,281.94437
0.0015514,282.27438
0.0015553,282.60696
0.0015592,282.94107
0.0015627,283.2756
0.0015665,283.60922
0.0015694,283.94037
0.0015729,284.271
0.0015761,284.60269
0.0015791,284.93567
0.0015825,285.26807
0.0015854,285.60022
0.0015892,285.93066
0.0015927,286.25781
0.0015959,286.58533
0.001599,286.90881
0.0016019,287.23364
0.001605,287.55917
0.0016079,287.88708
0.0016115,288.2171
0.0016152,288.55029
0.0016192,288.88467
0.0016235,289.22113
0.0016275,289.55411
0.0016315,289.88651
0.0016352,290.216
0.0016383,290.54233
0.0016419,290.86462
0.0016455,291.18375
0.0016487,291.49677
0.0016524,291.80771
0.0016555,292.11612
0.0016593,292.42557
0.0016625,292.73373
0.001666,293.04187
0.0016698,293.35315
0.0016733,293.66742
0.001678,293.98422
0.0016819,294.30447
0.0016862,294.62704
0.0016903,294.94852
0.001694,295.26956
0.0016979,295.58603
0.0017012,295.90201
0.0017049,296.21359
0.001709,296.5242
0.0017131,296.83029
0.0017173,297.13477
0.0017213,297.43768
0.0017251,297.74155
0.0017292,298.04529
0.0017327,298.34976
0.0017372,298.65509
0.0017415,298.96408
0.0017457,299.27469
0.0017502,299.58954
0.0017542,299.90863
0.0017585,300.22791
0.0017621,300.54535
0.0017659,300.86276
0.0017697,301.1752
0.0017736,301.48526
0.001778,301.79367
0.001782,302.10114
0.0017866,302.40628
0.001791,302.70462
0.0017951,302.99725
0.0017992,303.28851
0.0018036,303.57724
0.0018073,303.86484
0.001811,304.15359
0.0018147,304.44238
0.0018192,304.73569
0.0018236,305.03329
0.0018285,305.33508
0.0018334,305.63333
0.0018372,305.92807
0.0018414,306.21954
0.0018453,306.51117
0.0018498,306.8028
0.0018545,307.09634
0.0018582,307.38708
0.0018629,307.6778
0.0018676,307.96417
0.0018723,308.24948
0.0018778,308.5784
0.0018831,308.9071
0.001888,309.19022
0.001893,309.47406
0.0018976,309.76151
0.0019024,310.04953
0.0019074,310.33932
0.001912,310.63025
0.0019169,310.91953
0.0019215,311.2034
0.0019275,311.53098
0.0019332,311.85556
0.0019387,312.1803
0.0019442,312.50253
0.00195,312.82172
0.0019552,313.14093
0.001961,313.46048
0.001967,313.78415
0.0019729,314.11053
0.0019781,314.39526
0.0019835,314.68176
0.0019884,314.96396
0.0019942,315.28943
0.0019998,315.60733
0.0020056,315.9158
0.0020114,316.21909
0.0020172,316.52112
0.0020221,316.82181
0.0020275,317.11981
0.0020334,317.41434
0.0020397,317.7059
0.0020454,317.99731
0.0020513,318.28833
0.0020572,318.58469
0.0020627,318.89386
0.002069,319.20624
0.0020751,319.52533
0.0020813,319.84271
0.0020879,320.15182
0.002094,320.45538
0.0021,320.75391
0.0021065,321.04755
0.0021125,321.34018
0.0021185,321.62894
0.0021242,321.91208
0.0021304,322.19449
0.0021365,322.47711
0.0021424,322.7623
0.0021486,323.05429
0.0021556,323.35077
0.0021627,323.65323
0.0021694,323.96057
0.0021763,324.26968
0.002183,324.57208
0.0021892,324.86743
0.0021958,325.15964
0.0022023,325.44611
0.0022094,325.76477
0.0022175,326.0788
0.0022253,326.38345
0.0022324,326.68271
0.0022393,326.98474
0.0022463,327.29129
0.002254,327.60449
0.0022608,327.92108
0.0022685,328.23792
0.0022766,328.5567
0.0022845,328.87708
0.0022918,329.19366
0.0022987,329.50894
0.0023058,329.81992
0.0023135,330.12384
0.0023207,330.4231
0.0023282,330.71576
0.0023361,331.00702
0.0023442,331.30222
0.0023524,331.6019
0.00236,331.90845
0.0023676,332.21982
0.0023758,332.53098
0.002384,332.83969
0.0023918,333.1434
0.0023994,333.44659
0.0024072,333.74445
0.0024148,334.03635
0.0024237,334.35291
0.0024331,334.66864
0.0024431,334.98209
0.002452,335.29599
0.0024608,335.61353
0.0024686,335.90085
0.0024761,336.18726
0.0024843,336.47
0.0024929,336.75296
0.0025014,337.03851
0.00251,337.32169
0.0025191,337.63834
0.0025281,337.94528
0.002537,338.24869
0.0025459,338.55179
0.002555,338.8555
0.0025643,339.16595
0.0025747,339.47913
0.0025847,339.78876
0.0025942,340.09509
0.0026033,340.3967
0.002612,340.69424
0.0026206,340.98828
0.00263,341.2803
0.0026407,341.56931
0.0026511,341.85413
0.002662,342.16699
0.0026708,342.45547
0.0026807,342.75201
0.0026905,343.04962
0.0027005,343.34439
0.0027101,343.63391
0.0027212,343.94199
0.0027318,344.24692
0.0027426,344.5531
0.0027532,344.85828
0.0027637,345.17001
0.0027731,345.4538
0.0027836,345.73914
0.0027949,346.02737
0.0028053,346.31839
0.0028145,346.60776
0.0028247,346.91861
0.0028348,347.21289
0.0028455,347.49933
0.0028579,347.80951
0.002869,348.09412
0.0028801,348.38403
0.0028914,348.68002
0.0029033,348.97726
0.0029145,349.28729
0.002926,349.59833
0.0029369,349.89908
0.0029471,350.18945
0.0029589,350.49945
0.0029718,350.80875
0.0029848,351.11472
0.002998,351.4205
0.0030102,351.7037
0.0030221,351.99484
0.0030344,352.29257
0.0030457,352.59201
0.0030567,352.88037
0.0030696,353.1864
0.0030821,353.48462
0.003094,353.77765
0.0031058,354.06372
0.0031183,354.37064
0.0031315,354.65503
0.0031453,354.94733
0.0031582,355.25104
0.0031703,355.53311
0.0031838,355.83276
0.0031974,356.12091
0.0032104,356.40887
0.0032243,356.71082
0.0032378,357.00006
0.0032527,357.29254
0.0032672,357.59698
0.0032807,357.89392
0.0032939,358.19385
0.0033066,358.48978
0.0033198,358.78101
0.0033331,359.06995
0.0033472,359.3681
0.0033618,359.65433
0.0033764,359.94308
0.0033912,360.2424
0.0034055,360.54755
0.0034198,360.8504
0.0034355,361.14719
0.0034503,361.43469
0.0034655,361.73544
0.0034807,362.02359
0.003498,362.32108
0.0035129,362.60953
0.0035269,362.89285
0.0035418,363.18237
0.0035578,363.46655
0.0035746,363.76279
0.0035912,364.06656
0.0036071,364.36969
0.0036217,364.65186
0.0036373,364.9537
0.0036521,365.23636
0.0036671,365.51993
0.0036849,365.81989
0.0037018,366.10953
0.0037193,366.41248
0.0037359,366.70761
0.0037519,366.99481
0.0037689,367.28549
0.0037854,367.56992
0.0038016,367.85693
0.0038197,368.14249
0.0038381,368.43134
0.0038539,368.71414
0.0038724,369.00769
0.0038899,369.30118
0.0039088,369.5939
0.0039254,369.89017
0.0039413,370.18201
0.0039595,370.479
0.0039774,370.77817
0.0039982,371.06616
0.0040182,371.35757
0.0040387,371.65442
0.0040564,371.94016
0.0040741,372.22507
0.0040931,372.51523
0.0041122,372.80905
0.0041318,373.09973
0.0041511,373.39267
0.0041716,373.69223
0.0041907,373.97934
0.0042094,374.26938
0.0042289,374.56143
0.0042471,374.84879
0.004267,375.13531
0.0042886,375.43369
0.0043081,375.72318
0.0043274,376.01566
0.004347,376.31171
0.0043693,376.61249
0.0043887,376.89911
0.0044092,377.18799
0.0044317,377.47061
0.0044566,377.7674
0.0044786,378.06241
0.0045005,378.35526
0.0045211,378.65347
0.004541,378.93607
0.0045638,379.22598
0.0045845,379.51117
0.0046069,379.80322
0.0046288,380.08954
0.0046521,380.38052
0.0046758,380.67346
0.0046998,380.9718
0.0047227,381.26779
0.0047457,381.55652
0.0047731,381.84711
0.004799,382.13382
0.0048239,382.4245
0.0048475,382.71506
0.0048694,383.01373
0.0048922,383.30646
0.0049163,383.59106
0.00494,383.88449
0.0049659,384.17267
0.0049916,384.45517
0.0050137,384.74545
0.0050347,385.02969
0.005062,385.32455
0.0050912,385.60706
0.0051208,385.89648
0.0051466,386.19016
0.0051713,386.4751
0.0051976,386.76776
0.0052242,387.0592
0.0052532,387.35196
0.0052789,387.6376
0.0053016,387.91986
0.0053257,388.20453
0.005353,388.49036
0.0053819,388.77811
0.00541,389.06247
0.0054391,389.35254
0.0054659,389.64188
0.0054936,389.93332
0.0055251,390.2164
0.0055523,390.50397
0.0055764,390.79352
0.0056029,391.08353
0.0056321,391.37311
0.0056634,391.66522
0.0056931,391.94846
0.0057203,392.23141
0.0057497,392.51868
0.0057799,392.80289
0.0058089,393.09058
0.0058398,393.38367
0.0058665,393.67557
0.0058949,393.9704
0.0059275,394.26309
0.0059615,394.55099
0.0059924,394.84555
0.0060227,395.12817
0.0060564,395.42178
0.0060879,395.70731
0.0061181,395.99506
0.0061468,396.29163
0.0061771,396.5838
0.0062099,396.86719
0.0062415,397.15103
0.0062719,397.4368
0.006305,397.72699
0.0063365,398.01486
0.0063714,398.30255
0.0064042,398.59021
0.006434,398.88544
0.0064662,399.17358
0.0065009,399.46094
0.006535,399.74417
0.0065654,400.03235
0.0065936,400.32486
0.0066262,400.60837
0.0066629,400.89706
0.0066991,401.1828
0.0067296,401.46616
0.0067646,401.74911
0.0068014,402.03842
0.0068392,402.33102
0.0068673,402.6156
0.0068996,402.90732
0.0069331,403.19434
0.0069686,403.48477
0.0070032,403.77731
0.0070358,404.06815
0.0070728,404.35165
0.007113,404.63406
0.007145,404.9202
0.0071796,405.21344
0.007214,405.49597
0.007252,405.78403
0.0072832,406.0726
0.0073163,406.36533
0.0073547,406.65213
0.0073984,406.94208
0.0074324,407.22464
0.0074643,407.51062
0.007503,407.79538
0.0075389,408.07892
0.007573,408.36682
0.0076038,408.64969
0.0076425,408.9346
0.0076871,409.21799
0.0077227,409.50604
0.0077561,409.79556
0.0077938,410.08203
0.0078335,410.36789
0.0078688,410.66089
0.0079044,410.94696
0.0079408,411.23218
0.0079794,411.51971
0.0080168,411.81039
0.0080565,412.10001
0.0080975,412.38354
0.0081323,412.67346
0.0081666,412.961
0.0082017,413.24991
0.0082426,413.54138
0.008277,413.8324
0.0083169,414.11667
0.0083627,414.40454
0.0084023,414.69208
0.008437,414.9744
0.0084774,415.26318
0.00852,415.54883
0.008555,415.83545
0.0085893,416.12183
0.0086314,416.40515
0.0086758,416.69257
0.0087093,416.97946
0.0087497,417.26764
0.0087862,417.55426
0.0088213,417.83954
0.0088548,418.1308
0.0088923,418.4223
0.0089407,418.70972
0.008978,418.99704
0.0090212,419.28036
0.0090657,419.56879
0.0091059,419.85666
0.0091422,420.13928
0.0091803,420.42584
0.0092164,420.71011
0.0092515,420.99469
0.0092909,421.27823
0.0093398,421.56168
0.0093799,421.85266
0.0094143,422.14157
0.0094594,422.42776
0.0095064,422.71667
0.0095406,423.0014
0.009575,423.28796
0.0096239,423.57513
0.0096619,423.86774
0.0096966,424.15396
0.0097454,424.44138
0.0097866,424.72437
0.009826,425.00821
0.0098684,425.29468
0.0099129,425.57828
0.0099509,425.87015
0.0099875,426.16003
0.0100279,426.44354
0.0100687,426.72681
0.0101103,427.01367
0.0101573,427.30347
0.0101971,427.59265
0.0102347,427.88199
0.0102787,428.16556
0.0103177,428.44763
0.0103549,428.73279
0.0103981,429.01498
0.0104436,429.30423
0.010482,429.58722
0.0105255,429.87109
0.0105765,430.15976
0.0106114,430.44821
0.010649,430.73465
0.0106956,431.0209
0.0107369,431.31082
0.0107741,431.60181
0.0108211,431.88864
0.0108699,432.18005
0.0109066,432.47171
0.0109466,432.75708
0.0109933,433.0397
0.011032,433.33038
0.0110745,433.61456
0.0111215,433.90198
0.0111646,434.18475
0.0112112,434.47232
0.0112568,434.76251
0.0112948,435.04572
0.0113377,435.32791
0.0113818,435.61792
0.0114199,435.90286
0.0114667,436.18549
0.0115153,436.4733
0.011556,436.7641
0.0116016,437.05301
0.0116483,437.33582
0.0116826,437.61871
0.0117242,437.90741
0.011776,438.19022
0.0118152,438.47348
0.0118589,438.75861
0.0119091,439.04361
0.0119521,439.32675
0.0119945,439.61627
0.0120421,439.89902
0.0120853,440.18716
0.0121253,440.47403
0.0121728,440.75925
0.0122165,441.04639
0.0122589,441.33469
0.0123064,441.62119
0.0123502,441.90387
0.0123966,442.19257
0.0124424,442.48215
0.0124803,442.77417
0.0125242,443.06155
0.0125749,443.34616
0.0126215,443.63403
0.0126719,443.91995
0.0127206,444.20505
0.0127595,444.49173
0.0127974,444.77695
0.0128506,445.06384
0.0128931,445.34729
0.0129336,445.63583
0.012993,445.92206
0.0130354,446.20929
0.0130764,446.49487
0.0131241,446.77701
0.013169,447.06314
0.013213,447.35184
0.0132639,447.63858
0.0133126,447.92297
0.0133659,448.20837
0.0134075,448.49841
0.0134533,448.78467
0.0134997,449.07074
0.0135397,449.35675
0.013598,449.64224
0.013649,449.92456
0.0136909,450.20911
0.0137401,450.49457
0.0137868,450.7822
0.0138239,451.06631
0.0138753,451.34845
0.0139306,451.63385
0.0139795,451.92023
0.0140306,452.20355
0.0140706,452.48703
0.0141129,452.76996
0.0141643,453.0589
0.014212,453.3454
0.0142715,453.62781
0.0143168,453.9151
0.0143548,454.19824
0.0144097,454.48279
0.0144537,454.77246
0.0145011,455.05939
0.0145664,455.34763
0.0146115,455.63647
0.0146612,455.92407
0.014709,456.21365
0.0147542,456.49744
0.014805,456.78122
0.0148522,457.06876
0.0149009,457.3541
0.0149544,457.63681
0.014999,457.92273
0.0150585,458.20847
0.0151078,458.49405
0.0151536,458.77759
0.0152075,459.06256
0.0152524,459.35086
0.0153008,459.63354
0.0153586,459.92047
0.0154153,460.20639
0.015463,460.49109
0.015509,460.7796
0.0155609,461.06674
0.0156097,461.3544
0.0156601,461.64035
0.0157252,461.92523
0.015768,462.21542
0.0158155,462.50064
0.0158704,462.78299
0.0159142,463.06738
0.0159859,463.35022
0.0160363,463.64133
0.0160792,463.92798
0.0161335,464.21313
0.0161839,464.49796
0.0162382,464.78091
0.0162919,465.06662
0.0163469,465.35123
0.0163996,465.63446
0.0164471,465.92188
0.0165,466.20514
0.0165496,466.48969
0.0166134,466.77292
0.0166671,467.05499
0.0167145,467.33932
0.0167711,467.62296
0.0168175,467.91046
0.016884,468.19299
0.0169343,468.4816
0.0169851,468.76816
0.0170428,469.05167
0.0170908,469.33978
0.0171503,469.62726
0.017203,469.91125
0.017261,470.19403
0.0173172,470.48172
0.0173706,470.76855
0.0174259,471.05182
0.0174744,471.33997
0.0175465,471.62579
0.0175952,471.91068
0.0176511,472.19577
0.0177039,472.48053
0.0177574,472.76389
0.0178273,473.04617
0.0178722,473.32907
0.017929,473.6113
0.0179841,473.90131
0.0180403,474.1864
0.0181015,474.47565
0.0181525,474.76355
0.0182197,475.05148
0.0182703,475.33508
0.0183292,475.6188
0.0183859,475.90485
0.0184456,476.19095
0.0184999,476.47797
0.0185601,476.76022
0.0186168,477.04703
0.0186749,477.3309
0.0187373,477.61688
0.0187821,477.90155
0.0188621,478.1843
0.0189113,478.47028
0.0189841,478.75333
0.019032,479.04184
0.0190863,479.32608
0.0191498,479.60962
0.0192032,479.89529
0.0192741,480.18271
0.0193332,480.46902
0.0193927,480.75638
0.0194468,481.04346
0.0195187,481.32825
0.0195778,481.61285
0.019644,481.89651
0.0196922,482.18161
0.0197517,482.46567
0.0198077,482.74817
0.019876,483.03159
0.0199422,483.31729
0.0199953,483.60361
0.0200565,483.89233
0.0201222,484.1777
0.0201976,484.4632
0.0202573,484.75061
0.0203169,485.03549
0.0203665,485.32208
0.0204303,485.60605
0.0204933,485.88986
0.0205769,486.1774
0.0206331,486.46112
0.0206924,486.74777
0.020744,487.03403
0.0208263,487.3204
0.0208801,487.60809
0.0209565,487.89136
0.021006,488.17587
0.0210881,488.45938
0.0211425,488.74542
0.0212088,489.03128
0.0212718,489.31918
0.0213437,489.60458
0.0214138,489.89139
0.0214765,490.17435
0.0215327,490.45856
0.0216096,490.74188
0.0216731,491.02396
0.0217478,491.30939
0.0218023,491.59219
0.0218662,491.87524
0.0219234,492.15964
0.0220148,492.44608
0.0220716,492.72925
0.0221436,493.01639
0.022197,493.29962
0.0222815,493.58569
0.022355,493.86905
0.022419,494.15491
0.0224737,494.43805
0.0225484,494.72461
0.022628,495.00824
0.0226974,495.29565
0.0227613,495.58148
0.0228274,495.8678
0.0229088,496.15189
0.0229737,496.43668
0.0230474,496.7226
0.0231081,497.00732
0.0231927,497.2901
0.0232574,497.57526
0.0233355,497.85965
0.023393,498.14661
0.0234728,498.43179
0.0235374,498.71826
0.0236131,499.00418
0.0236866,499.28979
0.0237488,499.57632
0.0238371,499.85849
0.0238922,500.14349
0.0239704,500.42899
0.024024,500.71619
0.0241239,501.00394
0.024188,501.28821
0.0242674,501.57397
0.0243245,501.85757
0.0244137,502.14102
0.0244871,502.42526
0.0245537,502.70819
0.0246366,502.99252
0.0247099,503.27643
0.0247872,503.56308
0.0248589,503.84845
0.0249458,504.13095
0.0250281,504.4137
0.0250897,504.70132
0.0251732,504.9873
0.0252467,505.27094
0.0253258,505.55652
0.0254049,505.83981
0.0254699,506.12524
0.0255605,506.40799
0.0256395,506.69351
0.0257133,506.97894
0.0257796,507.26135
0.0258661,507.54706
0.0259571,507.83453
0.0260266,508.11798
0.0261057,508.40649
0.0261718,508.68863
0.0262668,508.97324
0.026352,509.25949
0.026412,509.54526
0.0265009,509.83035
0.0265847,510.11359
0.0266613,510.39743
0.0267416,510.68259
0.026825,510.96597
0.0269052,511.24881
0.0269947,511.53333
0.027061,511.81622
0.0271642,512.09894
0.0272387,512.38416
0.0273191,512.67096
0.0274183,512.95483
0.0274864,513.23914
0.0275639,513.52277
0.0276659,513.80664
0.027754,514.08978
0.0278342,514.37769
0.0279071,514.66101
0.0279966,514.94464
0.0280955,515.22894
0.0281708,515.51477
0.0282458,515.79987
0.0283514,516.08411
0.02844,516.36951
0.0285145,516.6557
0.0285797,516.93939
0.0286906,517.22314
0.028777,517.51154
0.0288586,517.79443
0.0289421,518.07855
0.0290531,518.3645
0.0291323,518.64886
0.0292,518.93304
0.0293191,519.21765
0.0294061,519.50116
0.0294725,519.78662
0.0295839,520.07294
0.029682,520.35577
0.029753,520.64038
0.029848,520.92267
0.0299628,521.20953
0.0300344,521.4953
0.0301328,521.77856
0.0302376,522.06299
0.0303124,522.34808
0.0303932,522.63239
0.0305071,522.91937
0.0306052,523.20392
0.0306835,523.48761
0.0307938,523.76971
0.0308983,524.05695
0.0309688,524.34155
0.0310771,524.62756
0.0311833,524.91052
0.0312585,525.19495
0.0313728,525.47913
0.0314696,525.76318
0.0315663,526.04834
0.0316421,526.33307
0.0317585,526.61877
0.0318512,526.90497
0.03194,527.18823
0.0320512,527.47235
0.0321504,527.75598
0.0322455,528.0415
0.0323649,528.3244
0.0324453,528.60925
0.0325383,528.89532
0.0326622,529.18097
0.032774,529.46521
0.0328502,529.74945
0.0329611,530.03455
0.0330704,530.32025
0.0331759,530.6037
0.0332692,530.8877
0.0333626,531.17163
0.0334805,531.45624
0.0335975,531.74194
0.0336992,532.02405
0.0337837,532.30853
0.0338809,532.59119
0.0339899,532.87469
0.0341198,533.1582
0.0342227,533.44415
0.0342976,533.72998
0.0344105,534.01508
0.0345427,534.29706
0.0346225,534.58142
0.0347243,534.86444
0.0348538,535.12708
0.0349518,535.40912
0.0350493,535.69305
0.0351794,535.97614
0.0352792,536.25916
0.0353865,536.54181
0.0355169,536.81848
0.0356229,537.10071
0.035729,537.38397
0.0358533,537.66785
0.0359497,537.95215
0.0360566,538.23621
0.0361845,538.52014
0.0362987,538.80444
0.0364197,539.08929
0.0365146,539.3728
0.0366386,539.65552
0.0367531,539.94098
0.0368632,540.22394
0.036993,540.46149
0.0371054,540.74652
0.0371879,541.02899
0.0373112,541.31226
0.0374382,541.59521
0.0375409,541.87756
0.0376731,542.10846
0.0377778,542.39246
0.0378697,542.67596
0.0379979,542.91998
0.0381189,543.20557
0.0382434,543.4895
0.038375,543.76642
0.0385033,544.05133
0.0386344,544.32172
0.0387502,544.60437
0.038864,544.88831
0.0389905,545.17249
0.0391209,545.45465
0.0392482,545.7088
0.03935,545.9917
0.039475,546.27405
0.0396063,546.51697
0.0397151,546.80176
0.0398462,547.06427
0.0399535,547.34631
0.0400791,547.62976
0.0402092,547.91266
0.0403405,548.18945
0.0404739,548.44354
0.0405813,548.72748
0.0407117,549.00458
0.0408451,549.28815
0.0409775,549.56604
0.0411095,549.78748
0.0412334,550.07025
0.0413646,550.323
0.041496,550.60522
0.0416117,550.88794
0.0417426,551.12134
0.041864,551.40417
0.0419905,551.68646
0.0421251,551.9165
0.0422418,552.20288
0.0423747,552.42291
0.0425038,552.70795
0.0426388,552.97357
0.0427703,553.24036
0.0429028,553.50397
0.0430372,553.7536
0.0431428,554.03607
0.0432766,554.25348
0.043391,554.53552
0.0435251,554.79285
0.0436602,555.0036
0.0437833,555.28625
0.0439177,555.5246
0.0440472,555.76282
0.0441762,556.04688
0.0443077,556.20752
0.0444415,556.48975
0.0445763,556.75275
0.0447096,556.95587
0.044798,557.23999
0.0449359,557.47076
0.0450686,557.69238
0.0452028,557.95233
0.0453356,558.17535
0.0454694,558.46039
0.0456049,558.67523
0.0457389,558.9317
0.045872,559.1593
0.0460084,559.41675
0.0461442,559.67432
0.0462771,559.9079
0.046412,560.17126
0.0465487,560.31409
0.0466803,560.59747
0.0468147,560.83075
0.0469487,561.0993
0.0470855,561.35278
0.0472222,561.52429
0.0473529,561.80701
0.0474906,562.01917
0.0476241,562.26709
0.0477604,562.52106
0.0478943,562.71027
0.0480294,562.98077
0.0481648,563.16309
0.0482984,563.39227
0.0484321,563.65326
0.0485669,563.84052
0.048703,564.11395
0.0488378,564.28821
0.0489721,564.547
0.0491076,564.77252
0.0492442,565.01196
0.0493796,565.23779
0.0495152,565.43964
0.0496528,565.65607
0.0497905,565.88696
0.0499261,566.10736
0.0500616,566.26709
0.0501905,566.54919
0.0503248,566.73865
0.0504602,566.96667
0.0505995,567.21747
0.0507354,567.39386
0.0508712,567.63025
0.0510089,567.84729
0.0511444,568.02222
0.0512828,568.3006
0.0514185,568.4668
0.0515561,568.70361
0.0516948,568.94922
0.0518308,569.08411
0.0519679,569.36792
0.0521056,569.50946
0.052244,569.75159
0.0523834,569.93109
0.0525204,570.14563
0.0526584,570.34918
0.0527983,570.5437
0.0529339,570.76007
0.0530724,570.90857
0.0532099,571.14246
0.0533494,571.34033
0.0534851,571.54895
0.0536239,571.79022
0.0537622,571.94189
0.053899,572.18976
0.0540399,572.36108
0.0541773,572.54834
0.0543177,572.75397
0.0544549,572.94946
0.054593,573.15625
0.05473,573.30634
0.054869,573.5116
0.0550091,573.73846
0.0551457,573.92505
0.055287,574.13062
0.0554252,574.27081
0.0555628,574.48242
0.0557022,574.64764
0.0558405,574.83978
0.0559816,575.07635
0.0561206,575.24109
0.0562601,575.40472
0.0563978,575.56372
0.0565393,575.78857
0.0566765,575.90942
0.0568159,576.16473
0.0569547,576.29761
0.0570913,576.48016
0.0572302,576.71021
0.057371,576.86127
0.0575113,577.09924
0.0576498,577.27301
0.0577906,577.43634
0.0579294,577.65369
0.0580677,577.75861
0.0582079,577.96588
0.0583488,578.16882
0.05849,578.3363
0.0586306,578.52521
0.058771,578.69403
0.0589129,578.87347
0.0590532,579.00824
0.0591939,579.18042
0.0593332,579.3324
0.0594768,579.52612
0.0596144,579.66412
0.0597553,579.86377
0.059897,580.09003
0.0600379,580.20898
0.0601789,580.39746
0.0603203,580.60596
0.0604634,580.71295
0.0606053,580.98114
0.0607451,581.03748
0.0608858,581.23511
0.061028,581.43903
0.0611679,581.54468
0.0613133,581.802
0.061451,581.896
0.0615941,582.09534
0.0617363,582.22162
0.0618779,582.38574
0.0620223,582.60687
0.0621631,582.72278
0.0623073,582.88293
0.0624471,583.00488
0.0625908,583.1955
0.0627315,583.32886
0.0628745,583.48431
0.063017,583.64392
0.0631591,583.76147
0.0633003,583.97296
0.063444,584.07495
0.0635826,584.28925
0.0637268,584.42023
0.0638678,584.56122
0.0640105,584.77753
0.0641509,584.86859
0.0642954,585.08417
0.0644391,585.21979
0.0645808,585.35132
0.0647234,585.57068
0.0648638,585.65875
0.0650079,585.85797
0.0651507,585.96039
0.0652951,586.09985
0.0654397,586.25977
0.0655802,586.32739
0.0657202,586.50372
0.0658667,586.66962
0.0660098,586.84222
0.0661522,586.95215
0.0662957,587.08746
0.0664359,587.2442
0.0665808,587.43091
0.0667248,587.5614
0.066867,587.69995
0.0670122,587.8891
0.0671563,588.01886
0.0673004,588.2168
0.0674441,588.36523
0.0675903,588.45123
0.0677333,588.63745
0.0678807,588.73706
0.0680255,588.88959
0.0681708,589.04663
0.0683136,589.11694
0.0684597,589.336
0.0686056,589.42426
0.0687484,589.53448
0.0688938,589.70154
0.069037,589.79156
0.0691824,589.9884
0.0693278,590.08398
0.0694746,590.25793
0.0696217,590.32629
0.0697656,590.5166
0.0699094,590.59778
0.0700557,590.73505
0.0702023,590.92938
0.0703459,590.99487
0.0704938,591.17688
0.0706382,591.31445
0.070785,591.44049
0.0709296,591.63885
0.0710764,591.71356
0.0712227,591.86719
0.0713707,591.97449
0.0715169,592.11121
0.0716629,592.20752
0.071809,592.31952
0.0719553,592.47144
0.0720984,592.59784
0.0722462,592.70984
0.0723911,592.82025
0.0725382,592.9173
0.0726825,593.06464
0.072828,593.16486
0.072974,593.33179
0.0731225,593.43976
0.0732708,593.59125
0.0734179,593.71289
0.0735635,593.83917
0.0737092,593.95831
0.0738557,594.07526
0.0740042,594.20593
0.0741531,594.32074
0.0742997,594.44812
0.074448,594.58856
0.0745942,594.6795
0.0747411,594.82739
0.0748864,594.89423
0.075034,595.02521
0.0751809,595.13611
0.0753279,595.22205
0.0754735,595.39868
0.0756228,595.47827
0.0757707,595.60699
0.0759171,595.70044
0.0760652,595.83356
0.076213,595.96625
0.0763596,596.07153
0.0765103,596.20544
0.0766567,596.26135
0.0768052,596.43481
0.0769552,596.50952
0.0771022,596.6825
0.0772524,596.79602
0.0774005,596.85394
0.0775487,597.02844
0.0776998,597.09943
0.0778485,597.23962
0.077999,597.37329
0.0781466,597.40094
0.0782972,597.58899
0.0784423,597.6142
0.0785931,597.7536
0.0787426,597.89636
0.078891,597.96246
0.0790407,598.11536
0.0791915,598.15961
0.0793397,598.27899
0.0794888,598.37512
0.0796394,598.4942
0.0797877,598.59882
0.0799389,598.71283
0.0800883,598.8382
0.0802353,598.89252
0.0803877,599.02856
0.0805359,599.10187
0.0806873,599.23132
0.080839,599.34003
0.0809856,599.44214
0.0811404,599.58752
0.0812893,599.64716
0.0814387,599.75708
0.0815898,599.86395
0.0817396,599.91913
0.081891,600.06592
0.0820378,600.10938
0.0821877,600.24866
0.0823392,600.33234
0.0824873,600.41101
0.082638,600.55927
0.0827906,600.62317
0.0829402,600.75598
0.0830903,600.78796
0.0832412,600.88861
0.0833916,601.00403
0.0835415,601.12994
0.083695,601.21094
0.0838445,601.29846
0.0839959,601.39697
0.0841485,601.49927
0.0842975,601.62604
0.0844505,601.66327
0.0846018,601.80151
0.0847533,601.91095
0.0849049,601.98578
0.0850579,602.10223
0.0852072,602.16846
0.085361,602.28802
0.0855154,602.43292
0.0856663,602.41394
0.0858176,602.5592
0.0859726,602.61517
0.0861226,602.73077
0.0862797,602.89618
0.0864289,602.90411
0.0865842,603.02734
0.086736,603.04608
0.0868877,603.16064
0.0870445,603.27869
0.0871989,603.36517
0.08735,603.42413
0.0875034,603.492
0.0876587,603.63428
0.087813,603.6795
0.087964,603.79065
0.0881177,603.90265
0.0882708,603.93884
0.0884229,604.06964
0.0885787,604.11896
0.0887314,604.24072
0.0888856,604.31067
0.0890387,604.36432
0.089195,604.49811
0.0893458,604.56683
0.0894979,604.65808
0.0896545,604.69641
0.0898059,604.79767
0.0899612,604.87775
0.0901151,604.97125
0.0902714,605.0625
0.0904216,605.08929
0.0905761,605.21863
0.0907338,605.27936
0.0908863,605.32806
0.0910417,605.50488
0.0911975,605.5639
0.091354,605.63525
0.0915084,605.67572
0.0916627,605.76025
0.0918184,605.78448
0.0919698,605.948
0.0921281,606.02106
0.0922816,606.08545
0.0924379,606.17163
0.092593,606.2121
0.0927464,606.33038
0.0929022,606.43024
0.0930565,606.49799
0.0932127,606.61688
0.0933704,606.62384
0.0935248,606.7312
0.0936832,606.84521
0.0938388,606.87494
0.093995,606.98694
0.094151,607.00452
0.0943073,607.07324
0.0944647,607.13586
0.0946216,607.21765
0.0947788,607.29749
0.0949338,607.35339
0.0950893,607.43518
0.0952432,607.47302
0.0954013,607.64667
0.09556,607.69104
0.0957152,607.77563
0.0958763,607.87927
0.0960331,607.87292
0.0961876,608.0224
0.0963467,608.04163
0.0965041,608.12091
0.0966646,608.23328
0.0968186,608.20233
0.0969749,608.36542
0.097135,608.39423
0.0972919,608.47369
0.0974505,608.54523
0.0976057,608.5647
0.0977646,608.68182
0.0979245,608.69568
0.0980806,608.80713
0.0982414,608.87549
0.0983979,608.95203
0.0985569,608.98016
0.0987152,609.0293
0.0988716,609.12531
0.0990285,609.16254
0.0991884,609.26208
0.0993459,609.2782
0.0995022,609.38184
0.0996616,609.45642
0.0998185,609.49957
0.0999781,609.64142
0.1001375,609.64227
0.1002928,609.73792
0.1004535,609.7962
0.1006142,609.86298
0.1007715,609.96283
0.10093,609.9577
0.1010888,610.01501
0.1012474,610.08167
0.1014057,610.10736
0.1015643,610.18469
0.1017227,610.20215
0.1018807,610.3017
0.1020399,610.34888
0.1021991,610.40167
0.1023586,610.48047
0.1025175,610.57874
0.1026746,610.64746
0.1028354,610.68237
0.1029964,610.75916
0.1031539,610.79712
0.1033138,610.93011
0.1034784,610.99432
0.1036362,611.04724
0.1037971,611.09412
0.103957,611.0929
0.1041199,611.21729
0.1042798,611.2699
0.1044422,611.31464
0.1046021,611.38873
0.1047616,611.33771
0.1049238,611.48169
0.1050828,611.53485
0.105245,611.53845
0.1054034,611.65442
0.1055649,611.64154
0.1057267,611.76971
0.1058881,611.77972
0.1060488,611.87299
0.1062101,611.90082
0.1063714,611.96722
0.1065347,612.01843
0.1066946,612.03503
0.1068576,612.19385
0.1070201,612.19434
0.10718,612.2619
0.1073428,612.3269
0.1075037,612.36554
0.1076658,612.49609
0.1078312,612.47797
0.1079934,612.55463
0.1081563,612.59442
0.1083185,612.62457
0.1084786,612.65918
0.1086388,612.69415
0.1088028,612.77106
0.1089657,612.81427
0.1091264,612.84442
0.109286,612.88501
0.1094505,612.93427
0.1096127,613.04358
0.1097762,613.0459
0.1099349,613.08228
0.1101,613.13635
0.1102621,613.21808
0.1104278,613.30066
0.1105882,613.36176
0.1107515,613.38483
0.1109183,613.39722
0.1110789,613.49939
0.1112418,613.51501
0.1114053,613.56366
0.1115693,613.6322
0.1117289,613.62793
0.1118945,613.73309
0.112056,613.73889
0.1122233,613.80487
0.1123864,613.88281
0.112548,613.87219
0.1127122,613.96075
0.1128758,613.96826
0.1130395,614.01318
0.113204,614.08893
0.1133687,614.13538
0.1135354,614.1795
0.1136986,614.18573
0.1138629,614.25702
0.1140259,614.26099
0.1141937,614.36133
0.1143585,614.35828
0.1145238,614.43915
0.1146887,614.52179
0.1148547,614.50488
0.1150179,614.62311
0.115185,614.64178
0.1153499,614.6626
0.1155161,614.77777
0.1156821,614.70172
0.1158462,614.79053
0.1160121,614.81122
0.1161788,614.82263
0.1163454,614.94226
0.1165068,614.90295
0.1166762,615.01068
0.1168437,615.00983
0.1170068,615.0379
0.1171714,615.08942
0.1173382,615.14648
0.1175047,615.1925
0.1176712,615.20526
0.1178378,615.28259
0.1180067,615.263
0.1181723,615.34052
0.1183388,615.37067
0.1185042,615.39398
0.1186697,615.45801
0.1188362,615.45074
0.119006,615.55682
0.11917,615.56781
0.1193355,615.57562
0.1195018,615.65338
0.1196698,615.67078
0.1198374,615.75189
0.1200017,615.71118
0.1201677,615.76868
0.1203342,615.80804
0.1205016,615.84979
0.1206675,615.92474
0.1208356,615.89941
0.1210034,615.96765
0.1211717,615.9765
0.1213372,615.99725
0.1215068,616.05847
0.1216735,616.09827
0.1218406,616.11572
0.1220085,616.1416
0.1221762,616.17908
0.1223449,616.23938
0.1225129,616.31921
0.1226824,616.29523
0.1228507,616.33917
0.1230176,616.38489
0.123184,616.39703
0.1233535,616.4726
0.1235224,616.47614
0.1236894,616.51245
0.1238602,616.60504
0.1240293,616.57343
0.1241979,616.64453
0.1243677,616.63971
0.124537,616.67047
0.1247066,616.76093
0.1248764,616.70966
0.1250454,616.78223
0.1252155,616.79803
0.1253847,616.80048
0.1255553,616.85406
0.1257259,616.8764
0.1258947,616.92871
0.1260656,616.92383
0.1262351,616.98285
0.1264045,616.97174
0.126574,617.03894
0.1267457,617.1134
0.1269152,617.0993
0.1270836,617.14771
0.1272557,617.15649
0.1274246,617.1795
0.1275964,617.24847
0.1277648,617.24426
0.1279364,617.3457
0.1281088,617.33331
0.1282772,617.34192
0.1284509,617.35382
0.1286206,617.37317
0.1287915,617.42444
0.1289625,617.44037
0.1291329,617.4707
0.1293029,617.41028
0.1294752,617.48914
0.1296462,617.54364
0.1298153,617.5506
0.1299892,617.6322
0.1301609,617.6095
0.1303335,617.66339
0.130503,617.65594
0.130673,617.70282
0.1308453,617.70013
0.1310136,617.75647
0.1311863,617.75836
0.131358,617.80884
0.1315308,617.83282
0.1317031,617.854
0.1318718,617.88574
0.1320485,617.94153
0.1322186,617.93573
0.1323906,617.96039
0.1325606,617.94952
0.1327345,617.98865
0.1329076,618.03729
0.1330784,618.01599
0.1332517,618.09198
0.1334233,618.06921
0.1335992,618.09344
0.1337714,618.09851
0.1339423,618.12402
0.1341167,618.17029
0.1342908,618.19067
0.1344636,618.25348
0.1346361,618.20087
0.1348105,618.3161
0.1349859,618.29236
0.1351556,618.31659
0.1353319,618.39478
0.1355051,618.34955
0.1356814,618.40613
0.135856,618.40735
0.1360272,618.41797
0.1362024,618.47675
0.1363762,618.43268
0.1365515,618.50549
0.1367271,618.49158
0.1368977,618.51398
0.137074,618.58093
0.1372498,618.52979
0.1374252,618.60858
0.137599,618.57336
0.1377765,618.61139
0.1379485,618.59729
0.1381241,618.61786
0.1382989,618.6496
0.138474,618.66046
0.1386513,618.70575
0.1388231,618.66992
0.1389983,618.73059
0.1391724,618.74744
0.1393494,618.79773
0.1395246,618.82617
0.1396986,618.78851
0.1398723,618.84607
0.1400489,618.84088
0.1402252,618.88361
0.1404019,618.90381
0.1405767,618.88312
0.1407508,618.93256
0.1409302,618.92413
0.1411047,618.90979
0.1412791,618.92596
0.1414527,618.91504
0.1416301,618.96906
0.1418042,618.91138
0.14198,618.966
0.1421581,618.98724
0.1423323,619.02344
0.1425075,619.0202
0.1426832,619.0304
0.1428585,619.09521
0.1430364,619.10516
0.1432161,619.12494
0.1433924,619.11322
0.1435691,619.1828
0.1437482,619.18787
0.143926,619.18237
0.1441025,619.2384
0.1442804,619.17297
0.1444574,619.22363
0.1446369,619.2514
0.1448124,619.21686
0.1449914,619.2821
0.1451681,619.2132
0.1453446,619.27515
0.1455237,619.30347
0.1457022,619.22906
0.1458825,619.30792
0.1460578,619.28711
0.1462367,619.32581
0.1464155,619.3056
0.1465953,619.33679
0.1467721,619.34991
0.1469512,619.3703
0.1471295,619.40881
0.1473066,619.35706
0.1474863,619.43646
0.1476655,619.42236
0.147845,619.45154
0.1480276,619.49359
0.148205,619.43304
0.1483814,619.47211
0.1485624,619.46912
0.1487421,619.50836
0.1489231,619.53839
0.1491011,619.50012
0.1492812,619.48431
0.1494562,619.45239
0.1496364,619.47498
0.1498142,619.48694
0.149994,619.52179
0.1501753,619.51288
0.1503513,619.49969
0.1505319,619.56342
0.1507127,619.52173
0.1508904,619.54022
0.1510701,619.58948
0.1512522,619.59399
0.1514314,619.60028
0.1516099,619.59021
0.1517911,619.604
0.151971,619.56995
0.1521501,619.63995
0.1523313,619.60449
0.1525106,619.62335
0.1526909,619.6684
0.1528696,619.62402
0.1530499,619.67853
0.1532308,619.64471
0.1534118,619.66272
0.1535912,619.70544
0.153771,619.65649
0.1539531,619.71631
0.1541365,619.6795
0.1543181,619.67389
0.1544987,619.71161
0.15468,619.70245
0.154863,619.72278
0.1550434,619.68597
0.1552252,619.71136
0.1554054,619.67786
0.155587,619.74121
0.1557696,619.71875
0.1559518,619.74744
0.1561331,619.7627
0.1563144,619.70746
0.1564959,619.7702
0.1566778,619.78168
0.1568593,619.7442
0.1570442,619.85046
0.1572267,619.74927
0.1574081,619.76453
0.1575904,619.77643
0.1577735,619.72723
0.1579547,619.81946
0.1581382,619.74976
0.1583179,619.8064
0.158503,619.75824
0.1586849,619.76984
0.1588716,619.76923
0.1590533,619.7641
0.159236,619.76038
0.1594187,619.74475
0.1596017,619.78101
0.1597854,619.76373
0.1599652,619.79694
0.1601504,619.75439
0.1603323,619.71466
0.1605146,619.776
0.1606949,619.74182
0.160875,619.8103
0.1610613,619.75934
0.1612417,619.71564
0.1614237,619.78186
0.1616083,619.77606
0.1617903,619.8252
0.1619734,619.78253
0.1621557,619.77448
0.1623409,619.78125
0.1625258,619.75519
0.1627053,619.78705
0.16289,619.74054
0.1630745,619.74463
0.1632599,619.73999
0.1634436,619.72614
0.1636256,619.77539
0.1638108,619.75702
0.1639955,619.75647
0.1641757,619.72156
0.1643624,619.71594
0.1645449,619.76178
0.1647303,619.79956
0.1649182,619.76941
0.1651009,619.76752
0.165285,619.78973
0.1654696,619.75452
0.1656572,619.78107
0.1658406,619.78326
0.1660248,619.72845
0.1662145,619.77948
0.166399,619.72076
0.1665845,619.75464
0.166771,619.75104
0.1669549,619.72034
0.1671403,619.75989
0.1673265,619.6803
0.1675144,619.6861
0.1676995,619.6886
0.1678847,619.67023
0.1680708,619.69281
0.1682574,619.6781
0.1684435,619.69287
0.168632,619.66522
0.1688159,619.6886
0.1690037,619.63318
0.1691874,619.64221
0.1693733,619.6712
0.1695599,619.64178
0.1697476,619.66724
0.1699374,619.65625
0.1701219,619.64124
0.1703105,619.66223
0.1704948,619.58752
0.1706832,619.65845
0.1708696,619.5799
0.1710581,619.57977
0.1712441,619.56964
0.1714326,619.54761
0.1716173,619.57684
0.1718083,619.52423
0.1719936,619.50885
0.1721787,619.48151
0.172365,619.47449
0.1725524,619.48285
0.1727405,619.45135
0.1729255,619.4978
0.173115,619.49243
0.1733037,619.47565
0.1734929,619.44604
0.1736782,619.43359
0.1738664,619.43835
0.1740521,619.42944
0.1742413,619.41638
0.1744286,619.38342
0.1746174,619.41833
0.1748047,619.43506
0.1749924,619.39594
0.175182,619.40015
0.1753692,619.35016
0.1755594,619.33057
0.1757484,619.3045
0.1759354,619.29742
0.1761252,619.3476
0.1763121,619.27783
0.1765012,619.27979
0.1766921,619.23694
0.1768802,619.24744
0.1770704,619.22498
0.1772597,619.20807
0.1774476,619.23364
0.1776372,619.18811
0.1778276,619.22711
0.1780164,619.14148
0.1782077,619.21759
0.1783969,619.20807
0.1785873,619.13745
0.1787793,619.15454
0.1789699,619.1106
0.1791582,619.11731
0.1793526,619.14642
0.1795416,619.05176
0.1797312,619.09235
0.1799225,619.00696
0.1801132,619.03131
0.1803029,619.02197
0.1804917,618.96997
0.1806847,618.98444
0.1808748,618.89038
0.1810642,618.94885
0.1812572,618.91492
0.1814478,618.91156
0.1816366,618.84174
0.1818292,618.84247
0.182021,618.85864
0.182211,618.81146
0.1823977,618.82581
0.182589,618.78339
0.1827773,618.79572
0.1829715,618.7796
0.1831617,618.75916
0.1833526,618.7644
0.1835423,618.70203
0.1837346,618.72614
0.183927,618.69617
0.1841159,618.67938
0.1843091,618.67847
0.1844982,618.60596
0.1846906,618.61035
0.1848803,618.5661
0.1850713,618.52454
0.1852622,618.55853
0.1854553,618.48041
0.1856458,618.49969
0.1858361,618.42328
0.1860287,618.40948
0.186219,618.43665
0.1864106,618.4295
0.1866019,618.43134
0.1867927,618.3941
0.1869874,618.37244
0.1871799,618.33313
0.1873727,618.34741
0.1875668,618.29938
0.1877574,618.31818
0.1879513,618.28729
0.1881431,618.2323
0.1883357,618.22864
0.1885282,618.15753
0.1887205,618.17944
0.1889166,618.1886
0.189106,618.07916
0.189301,618.11469
0.1894932,618.05121
0.1896854,618.05554
0.1898814,618.06647
0.1900768,617.95532
0.1902691,617.98981
0.1904634,617.9129
0.1906572,617.90118
0.1908502,617.88727
0.1910452,617.89294
0.191238,617.86572
0.1914316,617.8136
0.191626,617.8324
0.1918225,617.75067
0.1920171,617.80072
0.1922103,617.75049
0.1924041,617.70441
0.1925972,617.6991
0.192792,617.61957
0.1929879,617.65381
0.1931829,617.61218
0.1933744,617.55505
0.1935702,617.55396
0.1937654,617.51862
0.1939577,617.47772
0.1941529,617.41516
0.1943453,617.38757
0.1945406,617.35706
0.1947351,617.34912
0.1949267,617.30823
0.195123,617.25525
0.1953164,617.26111
0.1955135,617.2146
0.1957063,617.17773
0.1959032,617.21332
0.1960965,617.1767
0.196295,617.14105
0.1964888,617.08704
0.1966847,617.07953
0.1968789,616.98938
0.1970703,617.01166
0.1972665,616.95013
0.197463,616.93231
0.1976574,616.90863
0.1978525,616.84778
0.1980471,616.86127
0.1982423,616.81604
0.1984351,616.76276
0.1986322,616.75757
0.198826,616.64075
0.1990227,616.66705
0.19922,616.638
0.1994164,616.58881
0.1996133,616.58844
0.1998073,616.51746
0.2000047,616.49481
0.2002015,616.46167
0.2003975,616.4071
0.2005934,616.37482
0.2007899,616.37482
0.2009863,616.31201
0.2011802,616.24652
0.2013766,616.27417
0.2015745,616.19116
0.201767,616.16382
0.2019643,616.17633
0.2021593,616.0882
0.2023568,616.15454
0.2025544,616.03522
0.2027506,616.00708
0.2029499,615.97705
0.2031434,615.85095
0.2033445,615.92035
0.2035402,615.80835
0.2037384,615.81476
0.2039361,615.74323
0.2041331,615.68823
0.2043327,615.71301
0.20453,615.6239
0.2047275,615.61322
0.2049241,615.53253
0.2051232,615.51044
0.205321,615.46338
0.2055154,615.41492
0.2057128,615.37457
0.2059094,615.31171
0.2061078,615.31
0.2063048,615.2149
0.2064997,615.22687
0.2066988,615.15601
0.2068941,615.07233
0.2070904,615.08704
0.2072889,614.995
0.2074823,614.96991
0.2076805,614.94006
0.2078801,614.87921
0.2080772,614.89758
0.2082757,614.76477
0.2084719,614.73077
0.2086719,614.66736
0.2088667,614.61188
0.2090655,614.59857
0.2092632,614.53339
0.2094605,614.48932
0.2096563,614.45825
0.2098542,614.42694
0.2100527,614.35333
0.2102502,614.30963
0.2104473,614.28815
0.2106458,614.24969
0.210844,614.18774
0.2110429,614.10632
0.2112401,614.12915
0.2114395,614.07013
0.2116366,614.0141
0.2118347,613.9848
0.2120338,613.87366
0.2122325,613.86902
0.2124336,613.78204
0.2126321,613.72943
0.2128279,613.70312
0.2130285,613.58197
0.2132264,613.60382
0.213429,613.52606
0.2136253,613.43909
0.2138263,613.40179
0.2140228,613.31171
0.214222,613.33221
0.2144201,613.23969
0.2146214,613.24615
0.2148207,613.14081
0.2150212,613.08765
0.2152195,613.02728
0.215419,612.96832
0.2156191,612.97375
0.2158188,612.85828
0.2160177,612.7923
0.216218,612.7641
0.2164167,612.70862
0.2166174,612.70233
0.2168174,612.56677
0.2170174,612.50238
0.2172171,612.41675
0.2174169,612.3678
0.217615,612.29138
0.2178129,612.19147
0.2180119,612.18408
0.2182107,612.10382
0.218411,612.04376
0.2186092,611.95612
0.2188057,611.88684
0.2190062,611.8822
0.2192028,611.77411
0.2194006,611.7298
0.2196024,611.69867
0.2198008,611.64746
0.2200028,611.58105
0.220203,611.53571
0.2203989,611.44104
0.2205994,611.35211
0.2208012,611.33221
0.2210014,611.25671
0.2212022,611.19897
0.2214025,611.11334
0.221602,611.00812
0.2218,610.95416
0.2219997,610.83997
0.2222004,610.8067
0.222402,610.7337
0.222597,610.63068
0.2227984,610.60645
0.2229964,610.47546
0.2231957,610.43085
0.2233965,610.37274
0.2235988,610.31732
0.2238007,610.25232
0.2239968,610.211
0.2242011,610.12048
0.2244015,610.02216
0.2246048,609.99261
0.2248032,609.84991
0.2250039,609.82904
0.2252065,609.79565
0.2254055,609.65967
0.2256082,609.62695
0.2258109,609.50085
0.2260094,609.43146
0.226214,609.42395
0.2264138,609.26263
0.2266158,609.23077
0.2268174,609.09106
0.2270163,609.0097
0.2272198,608.99188
0.2274204,608.84015
0.2276226,608.80377
0.2278239,608.66681
0.2280243,608.60114
0.2282247,608.49664
0.2284257,608.44415
0.2286264,608.34619
0.2288277,608.31567
0.229028,608.24219
0.2292295,608.09619
0.2294311,608.07709
0.2296333,607.96893
0.2298354,607.88647
0.2300358,607.81128
0.2302352,607.69922
0.2304351,607.64728
0.2306363,607.51605
0.2308375,607.46393
0.2310383,607.39801
0.2312393,607.2655
0.231441,607.21222
0.2316412,607.0592
0.2318412,607.00958
0.2320443,606.8775
0.2322425,606.77026
0.2324435,606.70404
0.2326403,606.57629
0.2328394,606.52942
0.233043,606.42206
0.2332446,606.36395
0.2334462,606.28943
0.2336483,606.18842
0.2338513,606.10144
0.2340527,605.99634
0.2342552,605.90106
0.2344552,605.80627
0.2346576,605.7467
0.2348585,605.58661
0.2350597,605.53467
0.2352618,605.43738
0.2354633,605.33179
0.2356654,605.23126
0.2358689,605.10126
0.2360677,605.01141
0.2362721,604.96124
0.2364731,604.78625
0.2366776,604.73389
0.2368777,604.56659
0.2370807,604.47876
0.2372817,604.45581
0.2374834,604.2793
0.2376887,604.21338
0.2378919,604.0788
0.2380922,603.98395
0.2382964,603.91327
0.2384976,603.80603
0.2387008,603.70056
0.2389032,603.56799
0.2391083,603.49976
0.2393063,603.3075
0.2395103,603.23779
0.2397131,603.15204
0.2399152,603.03235
0.2401191,602.94977
0.2403213,602.80292
0.2405224,602.72882
0.240729,602.60437
0.2409274,602.45154
0.2411308,602.38611
0.2413333,602.21039
0.2415344,602.10406
0.2417382,601.96765
0.2419404,601.85626
0.2421432,601.77588
0.2423469,601.64404
0.2425471,601.53912
0.2427509,601.37311
0.2429523,601.28314
0.2431563,601.17316
0.2433584,601.02844
0.2435591,600.95203
0.2437631,600.80396
0.2439653,600.69458
0.2441682,600.56287
0.2443708,600.47595
0.2445716,600.29016
0.2447737,600.2041
0.2449768,600.07013
0.2451784,599.94202
0.2453794,599.86273
0.2455813,599.70953
0.2457838,599.5838
0.2459874,599.45416
0.2461913,599.3031
0.2463949,599.2016
0.2465979,599.00214
0.2467977,598.88617
0.2470034,598.79645
0.2472052,598.64569
0.24741,598.54254
0.247612,598.39545
0.2478166,598.26923
0.2480207,598.10223
0.2482247,597.97333
0.2484275,597.85864
0.2486308,597.72253
0.2488346,597.60956
0.2490353,597.40076
0.2492387,597.34106
0.2494427,597.177
0.2496455,597.00806
0.24985,596.94586
0.2500542,596.74231
0.2502583,596.63556
0.2504646,596.44031
0.2506653,596.28009
0.2508715,596.19135
0.2510722,595.97406
0.2512769,595.88269
0.2514786,595.66846
0.251682,595.54028
0.2518852,595.41449
0.2520855,595.2359
0.2522883,595.14655
0.2524892,594.95081
0.2526952,594.82123
0.2528966,594.63385
0.2531022,594.48395
0.2533041,594.34045
0.2535076,594.15759
0.25371,594.01874
0.2539153,593.83777
0.2541171,593.70764
0.2543198,593.53125
0.2545192,593.40466
0.2547255,593.24213
0.254926,593.04645
0.2551331,592.92548
0.2553356,592.7168
0.2555365,592.57947
0.2557429,592.4184
0.2559451,592.20721
0.25615,592.09326
0.2563536,591.85455
0.2565595,591.70776
0.2567617,591.52655
0.2569675,591.32568
0.2571686,591.18933
0.2573754,590.94196
0.2575736,590.79584
0.2577788,590.651
0.2579809,590.48883
0.2581879,590.29407
0.2583898,590.1272
0.2585936,589.95502
0.258796,589.75641
0.2590021,589.58282
0.2592039,589.36304
0.2594082,589.25861
0.2596151,589.05554
0.2598155,588.84631
0.2600273,588.66339
0.2602166,588.38068
0.2604216,588.23126
0.2606269,588.07507
0.2608309,587.84607
0.2610378,587.65729
0.2612258,587.37427
0.2614293,587.23792
0.2616342,587.05811
0.2618395,586.79089
0.2620459,586.66193
0.2622511,586.42664
0.2624547,586.25562
0.2626635,585.99976
0.2628648,585.80048
0.2630745,585.55042
0.2632772,585.35205
0.2634834,585.14716
0.2636887,584.86786
0.2638947,584.70337
0.2641006,584.45807
0.2643073,584.20758
0.2645132,584.02026
0.2646661,583.73578
0.2648691,583.5318
0.2650766,583.31354
0.2652828,583.06995
0.2654913,582.86957
0.2656966,582.59094
0.2659038,582.33789
0.266095,582.05444
0.2662977,581.80615
0.2665049,581.58661
0.2667059,581.30249
0.2669159,581.05188
0.2671187,580.77124
0.2673253,580.54602
0.2675298,580.26276
0.267703,579.97955
0.2679091,579.74207
0.2680868,579.4577
0.2682934,579.18835
0.2684956,578.90558
0.268705,578.63556
0.2689002,578.35016
0.2690647,578.06647
0.2692703,577.79535
0.2694364,577.5119
0.2696193,577.22717
0.2698086,576.94226
0.2699856,576.65955
0.270165,576.37683
0.2703496,576.09277
0.2704837,575.81
0.2706653,575.526
0.2708737,575.2536
0.2710156,574.96747
0.2711704,574.6839
0.2713554,574.40131
0.271522,574.1167
0.2716634,573.83307
0.2718068,573.55005
0.2719791,573.26764
0.2721366,572.98267
0.2722847,572.69849
0.2724383,572.41339
0.2725862,572.13098
0.2727384,571.84686
0.2728702,571.56049
0.273019,571.27454
0.273176,570.99115
0.2733037,570.70734
0.2734407,570.42328
0.2735414,570.1394
0.2737173,569.85486
0.2738414,569.5708
0.2739587,569.28809
0.2740626,569.00293
0.2741946,568.71765
0.2743559,568.43201
0.2744714,568.1488
0.2745835,567.86432
0.2746948,567.58069
0.2748345,567.29852
0.274966,567.01312
0.2750565,566.72626
0.2751499,566.44403
0.2752693,566.16071
0.2754163,565.87708
0.2755189,565.58887
0.2756179,565.30536
0.2757017,565.01648
0.2758214,564.73431
0.2759564,564.45203
0.2760546,564.16992
0.2761485,563.88428
0.2762339,563.59924
0.2763616,563.31677
0.2764616,563.03107
0.2765698,562.74878
0.2766494,562.46332
0.2767455,562.17554
0.2768457,561.89148
0.2769454,561.6059
0.2770454,561.32343
0.2771231,561.03381
0.2772264,560.74652
0.2773137,560.46381
0.277401,560.17676
0.2775006,559.89178
0.2775724,559.60907
0.2776676,559.32501
0.27776,559.039
0.2778445,558.7558
0.2779385,558.47327
0.2780233,558.18695
0.2781044,557.90411
0.2781814,557.61914
0.2782576,557.33075
0.2783504,557.04303
0.2784326,556.75555
0.2785067,556.46777
0.2785911,556.18219
0.2786577,555.89117
0.2787178,555.60876
0.2788083,555.32458
0.2788891,555.04175
0.2789602,554.75134
0.2790466,554.46216
0.2791158,554.17651
0.2791751,553.89142
0.2792404,553.60345
0.2793189,553.31732
0.2793932,553.02917
0.2794645,552.74084
0.2795379,552.45111
0.2795999,552.16443
0.2796577,551.87402
0.2797238,551.59039
0.2797921,551.30115
0.2798499,551.01465
0.2799099,550.73041
0.2799861,550.44171
0.280052,550.15594
0.2801127,549.86981
0.2801758,549.58398
0.2802401,549.29486
0.2802981,549.00061
0.2803495,548.71509
0.2804072,548.42877
0.2804691,548.14465
0.2805257,547.86249
0.28058,547.57031
0.2806386,547.27917
0.280695,546.98584
0.2807395,546.69025
0.2807811,546.39679
0.2808168,546.09723
0.2808485,545.79089
0.2808744,545.49005
0.2808956,545.17657
0.2809128,544.87762
0.2809274,544.58289
0.280944,544.2334
0.2809568,543.93286
0.2809709,543.59668
0.280986,543.22314
0.2810016,542.81
0.2810129,542.51117
0.2810246,542.19196
0.2810365,541.8515
0.281049,541.48871
0.2810623,541.10272
0.2810762,540.69214
0.2810905,540.25415
0.2811056,539.7854
0.2811219,539.2818
0.2811391,538.73755
0.2811481,538.44537
0.2811578,538.13104
0.281169,537.77332
0.2811834,537.32617
0.2812029,536.72485
0.2812282,535.90961
0.2812586,534.84595
0.2812925,533.52612
0.2813289,531.95642
0.2813686,530.15002
0.281413,528.12537
0.2814636,525.90332
0.281521,523.50281
0.2815842,520.9411
0.2816513,518.23645
0.2817198,515.40735
0.2817886,512.47058
0.2818578,509.44174
0.2819284,506.33664
0.2820014,503.17075
0.2820774,499.95776
0.2821559,496.71036
0.2822355,493.44107
0.2823142,490.16183
0.2823909,486.88303
0.282466,483.61441
0.2825404,480.36551
0.2826152,477.14474
0.282691,473.95953
0.2827674,470.8168
0.282843,467.72327
0.2829165,464.68503
0.2829868,461.70703
0.2830544,458.7937
0.2831202,455.94937
0.2831855,453.17752
0.2832509,450.48117
0.2833159,447.86273
0.2833795,445.32434
0.2834403,442.86755
0.2834975,440.49335
0.2835513,438.20258
0.283603,435.99579
0.2836538,433.87341
0.2837042,431.83517
0.2837541,429.8808
0.2838023,428.00974
0.2838477,426.22116
0.2838897,424.51392
0.2839286,422.88678
0.2839654,421.33829
0.2840014,419.86682
0.2840373,418.47055
0.2840728,417.14777
0.2841068,415.89651
0.2841383,414.71481
0.2841668,413.60046
0.2841926,412.55124
0.2842167,411.56488
0.2842404,410.63916
0.2842644,409.77179
0.2842882,408.96036
0.284311,408.20267
0.2843318,407.49628
0.28435,406.83899
0.2843659,406.22855
0.2843805,405.66278
0.2843951,405.13959
0.2844102,404.65683
0.2844256,404.21234
0.2844403,403.80402
0.2844534,403.42984
0.2844643,403.08783
0.2844735,402.77591
0.2844817,402.4921
0.2844994,402.00165
0.2845187,401.60257
0.284533,401.28268
0.2845468,400.92642
0.2845707,400.62964
0.2846111,400.34381
0.2846562,400.05054
0.2846824,399.72916
0.2847044,399.42239
0.2847168,399.138
0.284737,398.82693
0.2847502,398.49411
0.2847711,398.14618
0.2847855,397.78638
0.2848067,397.41821
0.2848215,397.048
0.2848429,396.67554
0.2848576,396.30237
0.2848789,395.93167
0.284894,395.56454
0.2849149,395.20279
0.2849299,394.84711
0.2849504,394.49722
0.2849646,394.15521
0.2849841,393.82245
0.2849976,393.49713
0.2850162,393.1792
0.2850295,392.86859
0.2850478,392.56192
0.2850606,392.25851
0.2850789,391.95865
0.2850919,391.65912
0.28511,391.35983
0.2851233,391.05905
0.2851413,390.75461
0.2851548,390.44946
0.2851729,390.14297
0.2851867,389.83603
0.2852051,389.53052
0.2852191,389.22543
0.285237,388.91821
0.2852509,388.60992
0.2852688,388.29846
0.2852829,387.98376
0.2853014,387.66614
0.2853161,387.34451
0.2853346,387.01923
0.2853496,386.69211
0.2853684,386.3627
0.2853836,386.03354
0.2854024,385.70624
0.2854174,385.37943
0.2854354,385.05463
0.28545,384.73456
0.2854676,384.41919
0.2854819,384.10913
0.2854994,383.80212
0.2855138,383.4953
0.2855315,383.1875
0.2855461,382.87665
0.2855637,382.56107
0.2855786,382.24149
0.2855968,381.91785
0.2856123,381.58896
0.2856307,381.25815
0.2856464,380.9256
0.2856645,380.58859
0.2856801,380.24579
0.2856986,379.89688
0.2857147,379.54236
0.2857333,379.18268
0.2857498,378.81604
0.2857687,378.44135
0.2857813,378.15604
0.2857957,377.86627
0.28581,377.57062
0.2858231,377.27029
0.2858382,376.96619
0.285852,376.65781
0.2858659,376.34558
0.285881,376.03119
0.2858943,375.71518
0.2859089,375.3967
0.2859235,375.07568
0.2859373,374.75278
0.2859528,374.42847
0.2859672,374.10217
0.2859816,373.77496
0.2859971,373.44925
0.2860109,373.12485
0.2860259,372.8009
0.286041,372.47751
0.2860549,372.15573
0.2860702,371.83679
0.2860842,371.52063
0.2860981,371.20761
0.2861129,370.89792
0.2861263,370.59235
0.2861404,370.28995
0.2861543,369.99207
0.2861671,369.69916
0.2861813,369.40921
0.2861945,369.12134
0.2862078,368.8356
0.286222,368.55167
0.2862349,368.26843
0.2862488,367.98431
0.286263,367.70016
0.2862763,367.41592
0.2862909,367.13077
0.2863049,366.84448
0.286319,366.556
0.2863339,366.26428
0.2863476,365.96869
0.286362,365.66861
0.2863763,365.36353
0.2863899,365.05435
0.2864045,364.74063
0.2864185,364.423
0.2864326,364.10367
0.2864473,363.78412
0.2864612,363.46362
0.2864757,363.14291
0.2864903,362.82327
0.2865042,362.50513
0.286519,362.18839
0.2865333,361.8739
0.2865474,361.56195
0.2865618,361.25253
0.2865753,360.94431
0.2865893,360.63809
0.2866033,360.33615
0.286617,360.0386
0.2866315,359.74466
0.2866455,359.45523
0.2866594,359.17148
0.2866785,358.80203
0.2866966,358.4404
0.2867149,358.08679
0.2867327,357.73822
0.2867511,357.39197
0.2867688,357.04828
0.286787,356.70441
0.2868045,356.35907
0.2868223,356.01352
0.2868395,355.66721
0.2868569,355.31839
0.286874,354.96811
0.2868915,354.61594
0.2869086,354.26239
0.286926,353.90866
0.2869429,353.55469
0.2869598,353.20187
0.2869764,352.85324
0.2869934,352.50949
0.28701,352.16879
0.2870269,351.83197
0.2870436,351.4975
0.2870606,351.16815
0.2870773,350.84387
0.2870938,350.5213
0.2871104,350.20242
0.2871271,349.88651
0.2871439,349.57294
0.2871608,349.26392
0.2871776,348.95929
0.2871945,348.65668
0.2872111,348.35757
0.287228,348.06009
0.2872449,347.76352
0.2872617,347.46979
0.2872784,347.17853
0.2872947,346.88882
0.2873107,346.60162
0.2873265,346.3147
0.2873423,346.0253
0.287358,345.73535
0.2873735,345.44366
0.2873892,345.14914
0.2874053,344.85461
0.2874211,344.55927
0.2874372,344.26447
0.2874532,343.97177
0.2874693,343.67914
0.2874855,343.38821
0.2875015,343.09998
0.2875171,342.81284
0.2875329,342.52838
0.2875484,342.24539
0.2875642,341.96265
0.2875801,341.67953
0.2875964,341.39505
0.2876125,341.1095
0.2876288,340.8241
0.2876448,340.539
0.2876612,340.25333
0.2876772,339.9682
0.2876933,339.68231
0.2877091,339.39597
0.2877254,339.1124
0.2877449,338.76044
0.2877647,338.41003
0.2877841,338.0607
0.2878036,337.70929
0.2878232,337.35699
0.2878383,337.07346
0.2878538,336.79047
0.2878726,336.43793
0.2878916,336.08563
0.2879106,335.73642
0.2879294,335.38522
0.2879453,335.10284
0.2879646,334.75073
0.2879807,334.46719
0.2879966,334.18234
0.2880132,333.89557
0.2880296,333.60681
0.2880465,333.31824
0.2880628,333.02673
0.2880796,332.73358
0.2880959,332.44092
0.2881127,332.1488
0.2881289,331.85941
0.2881454,331.57254
0.2881613,331.28711
0.2881774,331.0043
0.2881969,330.65622
0.2882161,330.31448
0.2882355,329.98224
0.288254,329.65778
0.2882727,329.34262
0.2882912,329.03845
0.288309,328.74451
0.288327,328.46036
0.288348,328.12863
0.2883688,327.80627
0.28839,327.49271
0.2884118,327.18619
0.2884329,326.8851
0.2884539,326.59116
0.2884755,326.30084
0.2884969,326.01114
0.2885173,325.71884
0.2885371,325.42816
0.2885574,325.13672
0.2885781,324.84348
0.2885983,324.54968
0.2886181,324.24951
0.2886383,323.94412
0.2886589,323.63461
0.2886789,323.32053
0.2886987,323.00168
0.2887192,322.68021
0.2887398,322.35156
0.2887605,322.01654
0.288778,321.72668
0.2887965,321.42731
0.2888151,321.11554
0.2888342,320.79214
0.2888542,320.45663
0.2888745,320.10547
0.2888911,319.81589
0.2889074,319.52011
0.2889239,319.21939
0.2889397,318.91522
0.2889558,318.60864
0.2889714,318.30048
0.2889876,317.99399
0.2890037,317.6886
0.28902,317.38638
0.289036,317.08777
0.2890521,316.7934
0.2890679,316.50458
0.2890875,316.15298
0.2891071,315.80991
0.289126,315.47607
0.289145,315.15042
0.2891636,314.83344
0.289182,314.52341
0.2892008,314.21976
0.2892193,313.91983
0.2892378,313.62143
0.2892564,313.32535
0.2892748,313.03055
0.2892935,312.73721
0.2893117,312.44464
0.2893296,312.15311
0.2893479,311.86432
0.2893658,311.57471
0.2893837,311.28497
0.2894018,310.99475
0.2894194,310.70651
0.2894374,310.41797
0.2894551,310.13013
0.2894722,309.84421
0.28949,309.56033
0.289511,309.22229
0.2895313,308.88446
0.2895525,308.54871
0.2895742,308.21182
0.2895958,307.87521
0.2896173,307.5372
0.2896391,307.19925
0.2896607,306.86166
0.2896818,306.52371
0.2897027,306.18887
0.2897239,305.85712
0.2897454,305.52518
0.2897668,305.19629
0.2897878,304.87234
0.289809,304.55551
0.2898304,304.24731
0.2898516,303.94586
0.2898714,303.65146
0.2898913,303.36234
0.2899114,303.07642
0.2899317,302.79108
0.289952,302.50586
0.2899728,302.2146
0.289994,301.92081
0.2900149,301.62158
0.2900352,301.31845
0.2900557,301.00482
0.2900766,300.68134
0.2900973,300.34702
0.2901146,300.06467
0.2901322,299.77902
0.2901492,299.49576
0.2901698,299.16046
0.2901904,298.83179
0.2902113,298.51102
0.2902316,298.20023
0.2902525,297.89532
0.2902735,297.59689
0.2902937,297.30228
0.2903137,297.01086
0.2903341,296.72116
0.2903551,296.43008
0.2903759,296.13477
0.2903967,295.83649
0.2904166,295.53241
0.2904367,295.22308
0.290457,294.90414
0.2904772,294.57513
0.2904942,294.29117
0.2905117,294.00064
0.2905292,293.70035
0.2905478,293.39389
0.2905665,293.08279
0.2905847,292.76535
0.2906039,292.44485
0.2906226,292.12302
0.2906413,291.80026
0.2906608,291.47784
0.2906799,291.15536
0.2906998,290.83081
0.2907197,290.50589
0.2907389,290.18127
0.2907583,289.85403
0.2907773,289.52737
0.290796,289.19943
0.2908151,288.87283
0.2908336,288.5495
0.2908528,288.23199
0.290872,287.92328
0.2908904,287.62134
0.2909091,287.33197
0.2909307,286.99759
0.2909513,286.68024
0.2909712,286.37714
0.2909909,286.08713
0.2910141,285.76453
0.291038,285.45297
0.2910618,285.14331
0.2910857,284.83676
0.2911091,284.53171
0.2911321,284.22479
0.291155,283.91965
0.2911778,283.61877
0.2912001,283.32333
0.2912223,283.03027
0.2912443,282.73816
0.2912658,282.44608
0.2912872,282.15579
0.2913089,281.86652
0.291331,281.57861
0.2913529,281.29089
0.2913747,281.0051
0.2914005,280.68439
0.2914265,280.36484
0.2914525,280.04611
0.2914778,279.73013
0.2915023,279.41342
0.2915269,279.09332
0.2915491,278.80743
0.2915715,278.51334
0.2915942,278.21332
0.291617,277.91037
0.29164,277.60446
0.2916625,277.29471
0.2916853,276.978
0.2917081,276.65866
0.291731,276.33426
0.2917542,276.00854
0.2917743,275.72324
0.2917946,275.43372
0.2918155,275.14072
0.2918364,274.84229
0.2918567,274.54053
0.2918775,274.23132
0.2918981,273.91748
0.2919185,273.5993
0.2919387,273.27945
0.2919595,272.95569
0.2919813,272.63055
0.2920027,272.30051
0.2920235,271.96924
0.2920447,271.63965
0.2920658,271.31287
0.2920868,270.98386
0.292108,270.65253
0.2921297,270.31686
0.2921512,269.98154
0.2921726,269.64798
0.2921935,269.31671
0.2922142,268.99036
0.2922354,268.66684
0.2922563,268.34726
0.2922767,268.02979
0.2922973,267.71576
0.2923183,267.40451
0.2923392,267.09988
0.2923599,266.80017
0.2923807,266.50742
0.2924013,266.21622
0.2924221,265.92578
0.2924425,265.63364
0.2924635,265.33496
0.2924851,265.02875
0.2925064,264.71573
0.2925274,264.39606
0.2925488,264.07632
0.2925701,263.75586
0.2925907,263.4382
0.2926107,263.12549
0.2926306,262.81915
0.2926507,262.51892
0.2926706,262.22495
0.2926905,261.93237
0.2927108,261.64182
0.2927315,261.34967
0.2927526,261.05447
0.2927732,260.75647
0.2927944,260.45224
0.2928163,260.13937
0.292838,259.81262
0.2928559,259.52835
0.2928748,259.23407
0.2928936,258.92834
0.2929127,258.61078
0.2929323,258.27917
0.2929514,257.93994
0.2929706,257.59561
0.2929899,257.24994
0.2930085,256.90677
0.293027,256.56812
0.293045,256.23648
0.2930628,255.91298
0.2930813,255.59854
0.2930992,255.29091
0.2931174,254.9903
0.2931356,254.69843
0.2931538,254.41383
0.2931759,254.07739
0.2931981,253.74155
0.2932203,253.40395
0.2932389,253.11848
0.2932582,252.82964
0.2932768,252.53415
0.2932957,252.23602
0.2933143,251.93541
0.2933323,251.63657
0.2933509,251.33961
0.2933693,251.04225
0.2933872,250.74574
0.2934057,250.4496
0.293424,250.15675
0.293442,249.86606
0.2934598,249.57881
0.2934811,249.24355
0.2935023,248.91341
0.2935239,248.58771
0.2935455,248.26596
0.2935667,247.94759
0.2935878,247.6302
0.2936089,247.30827
0.2936304,246.983
0.2936524,246.65234
0.2936747,246.31927
0.2936972,245.98639
0.2937191,245.65544
0.2937406,245.32558
0.293762,244.99844
0.2937829,244.67117
0.2938033,244.3429
0.2938238,244.01527
0.2938443,243.6936
0.2938653,243.37906
0.2938861,243.07137
0.2939067,242.76715
0.2939276,242.46718
0.2939485,242.17094
0.293969,241.88028
0.2939889,241.59248
0.2940089,241.30853
0.294033,240.98131
0.2940578,240.65465
0.2940792,240.37241
0.2940999,240.08403
0.2941207,239.78807
0.2941411,239.48936
0.2941616,239.19167
0.2941819,238.89131
0.2942024,238.59538
0.2942233,238.29942
0.2942439,238.0036
0.294264,237.70045
0.2942842,237.38881
0.2943052,237.06572
0.2943263,236.72786
0.2943437,236.43599
0.2943618,236.13651
0.2943805,235.83015
0.2943988,235.52176
0.2944179,235.21153
0.2944366,234.90442
0.2944553,234.60291
0.2944742,234.30777
0.2944923,234.02206
0.2945142,233.68867
0.2945362,233.36751
0.2945576,233.05699
0.2945785,232.76039
0.2945997,232.46689
0.2946211,232.17088
0.2946424,231.86353
0.2946636,231.54242
0.2946848,231.20511
0.294703,230.90918
0.2947206,230.59883
0.2947386,230.27751
0.2947571,229.94577
0.2947756,229.60666
0.294795,229.26431
0.2948144,228.92004
0.2948338,228.57935
0.294854,228.24332
0.2948736,227.91367
0.2948928,227.58844
0.294912,227.27422
0.29493,226.97229
0.2949485,226.6817
0.29497,226.34917
0.2949908,226.03378
0.2950117,225.7327
0.2950326,225.44328
0.2950567,225.1163
0.2950805,224.7953
0.2951041,224.47603
0.2951266,224.15881
0.2951495,223.84517
0.2951731,223.53621
0.2951968,223.22934
0.2952207,222.92191
0.2952445,222.61711
0.2952676,222.31297
0.2952902,222.011
0.2953129,221.71616
0.2953357,221.42361
0.2953591,221.13416
0.2953831,220.83844
0.2954073,220.53792
0.2954312,220.22389
0.2954517,219.94148
0.2954715,219.64871
0.295492,219.34135
0.2955131,219.01978
0.2955306,218.73763
0.2955486,218.44658
0.2955669,218.14145
0.2955851,217.82434
0.2956039,217.49655
0.2956229,217.16231
0.2956418,216.82713
0.2956614,216.49115
0.2956805,216.158
0.2956993,215.82915
0.2957183,215.50761
0.2957367,215.19182
0.2957556,214.88219
0.2957745,214.57834
0.2957931,214.27805
0.2958123,213.98427
0.2958311,213.69226
0.2958499,213.40329
0.2958685,213.11928
0.2958903,212.78935
0.2959113,212.47166
0.2959326,212.16333
0.2959539,211.86711
0.2959751,211.5791
0.295996,211.29645
0.2960163,211.01395
0.2960361,210.7289
0.2960556,210.4413
0.2960752,210.15256
0.2960956,209.86452
0.2961163,209.57625
0.296137,209.2886
0.2961574,208.99785
0.2961782,208.7025
0.2961994,208.39876
0.2962203,208.0883
0.2962414,207.76881
0.2962631,207.4436
0.2962855,207.10909
0.296308,206.77287
0.2963261,206.49069
0.2963478,206.15381
0.2963688,205.82184
0.2963895,205.49677
0.2964103,205.17862
0.2964313,204.8709
0.2964516,204.56825
0.2964712,204.2722
0.2964911,203.9765
0.2965121,203.68135
0.2965332,203.38135
0.2965542,203.07628
0.2965754,202.76492
0.2965972,202.45189
0.2966189,202.14026
0.2966396,201.83328
0.29666,201.53683
0.2966808,201.24797
0.2967018,200.9631
0.2967262,200.63795
0.2967497,200.32574
0.2967733,200.02499
0.2967962,199.72986
0.296819,199.43304
0.2968415,199.13696
0.2968645,198.83551
0.2968875,198.52647
0.2969107,198.2164
0.2969342,197.90956
0.2969571,197.60869
0.2969795,197.31006
0.2970018,197.00702
0.2970241,196.69946
0.2970474,196.38063
0.2970676,196.0923
0.2970884,195.78978
0.2971104,195.46927
0.2971329,195.13647
0.2971514,194.84996
0.29717,194.55769
0.2971886,194.26077
0.2972071,193.95865
0.297226,193.65004
0.2972451,193.33731
0.2972639,193.02614
0.2972831,192.71555
0.2973015,192.40477
0.2973201,192.09322
0.297339,191.78542
0.297357,191.48488
0.2973751,191.19016
0.2973931,190.90265
0.2974138,190.56853
0.2974345,190.24594
0.2974559,189.93019
0.2974775,189.62289
0.2974991,189.32486
0.2975208,189.03757
0.2975455,188.71089
0.2975699,188.39168
0.2975951,188.07268
0.2976202,187.7471
0.2976414,187.45631
0.2976625,187.14883
0.2976837,186.82613
0.2977014,186.54376
0.2977189,186.24956
0.2977371,185.94725
0.2977549,185.64005
0.2977736,185.32677
0.2977927,185.00873
0.2978114,184.69081
0.2978306,184.37437
0.2978494,184.06448
0.2978681,183.76465
0.2978872,183.47591
0.2979093,183.14255
0.2979306,182.82246
0.2979521,182.51506
0.2979736,182.21419
0.2979947,181.91173
0.2980151,181.60483
0.2980361,181.28969
0.2980575,180.9655
0.2980792,180.63426
0.2981008,180.29967
0.2981221,179.96294
0.2981433,179.63242
0.2981639,179.30757
0.2981848,178.99376
0.2982059,178.68886
0.2982266,178.39325
0.2982471,178.10277
0.2982674,177.8175
0.298288,177.5352
0.2983083,177.25243
0.2983285,176.96643
0.2983494,176.6705
0.2983715,176.36037
0.2983938,176.03331
0.2984124,175.74519
0.2984315,175.44545
0.2984511,175.13242
0.2984707,174.80943
0.2984909,174.47943
0.2985107,174.1458
0.2985303,173.81187
0.2985501,173.47864
0.2985693,173.15257
0.2985884,172.83546
0.2986073,172.5307
0.2986256,172.24144
0.2986473,171.91388
0.2986681,171.60796
0.2986881,171.31934
0.2987109,170.99098
0.2987341,170.66283
0.2987547,170.37959
0.2987753,170.0938
0.2987963,169.80309
0.2988176,169.5099
0.2988392,169.21106
0.2988607,168.91116
0.2988821,168.60724
0.2989028,168.30141
0.2989237,167.99455
0.298945,167.68797
0.2989659,167.38063
0.2989864,167.0795
0.2990074,166.78491
0.2990291,166.49588
0.2990502,166.20975
0.2990706,165.92308
0.2990904,165.63628
0.2991105,165.34836
0.2991308,165.05849
0.2991513,164.76537
0.2991723,164.46861
0.2991935,164.16679
0.2992148,163.85864
0.2992362,163.54324
0.2992583,163.22032
0.2992806,162.88649
0.2992987,162.60197
0.2993172,162.30884
0.2993362,162.00719
0.2993546,161.69945
0.299374,161.38548
0.2993937,161.06706
0.2994129,160.74294
0.299433,160.41647
0.2994523,160.08589
0.2994719,159.7516
0.299492,159.41266
0.2995118,159.07028
0.2995321,158.7305
0.2995526,158.38974
0.2995725,158.04834
0.2995929,157.7047
0.2996127,157.35744
0.2996289,157.07455
0.2996453,156.78625
0.2996615,156.49396
0.2996778,156.19814
0.2996942,155.89987
0.2997109,155.60158
0.2997275,155.30334
0.2997443,155.00446
0.2997612,154.70789
0.299778,154.41243
0.2997948,154.11987
0.2998116,153.83061
0.2998285,153.54388
0.299845,153.26112
0.2998655,152.91585
0.2998863,152.57533
0.2999062,152.23909
0.299926,151.90321
0.2999457,151.56804
0.2999651,151.23666
0.2999852,150.90836
0.3000046,150.58658
0.3000236,150.27278
0.3000427,149.97156
0.3000607,149.68323
0.3000817,149.35626
0.3001022,149.04997
0.3001226,148.76254
0.3001467,148.44595
0.3001705,148.14502
0.3001941,147.85689
0.3002218,147.54683
0.3002495,147.24489
0.3002767,146.94209
0.3003025,146.62418
0.3003259,146.32137
0.3003497,145.99426
0.3003708,145.69472
0.3003917,145.37222
0.3004098,145.08739
0.3004282,144.78624
0.3004468,144.4754
0.3004659,144.15532
0.3004856,143.82733
0.3005048,143.4933
0.3005251,143.15863
0.3005449,142.82697
0.3005647,142.49637
0.3005852,142.16708
0.3006053,141.83308
0.3006257,141.4967
0.3006464,141.159
0.3006661,140.82014
0.3006861,140.4809
0.3007061,140.13751
0.3007263,139.7943
0.3007464,139.44919
0.3007659,139.10742
0.3007856,138.76823
0.3008051,138.43272
0.3008239,138.10219
0.3008435,137.77614
0.3008627,137.45685
0.3008821,137.14275
0.3009016,136.83568
0.3009205,136.53204
0.3009394,136.23279
0.3009585,135.9382
0.3009768,135.65126
0.300999,135.32129
0.301021,135.00552
0.3010433,134.70404
0.3010651,134.41167
0.3010869,134.12366
0.3011087,133.82861
0.3011298,133.52725
0.3011504,133.22289
0.3011711,132.92352
0.3011921,132.6288
0.3012128,132.33907
0.3012335,132.05437
0.3012549,131.76859
0.3012764,131.47708
0.3012978,131.18138
0.3013187,130.88747
0.3013397,130.59602
0.3013611,130.31238
0.3013859,129.99077
0.3014103,129.68106
0.3014345,129.37306
0.3014584,129.06731
0.3014818,128.7603
0.3015054,128.44768
0.3015296,128.12912
0.3015499,127.8462
0.3015704,127.55373
0.3015913,127.24842
0.3016127,126.93822
0.3016341,126.62406
0.3016548,126.30627
0.3016754,125.98313
0.3016963,125.66124
0.3017171,125.34183
0.3017378,125.02494
0.301759,124.70995
0.3017806,124.39761
0.3018023,124.08837
0.3018241,123.77847
0.3018465,123.46444
0.3018691,123.14616
0.3018915,122.82837
0.3019132,122.51437
0.3019349,122.20796
0.3019568,121.90975
0.3019775,121.62174
0.3020013,121.29542
0.302025,120.97891
0.3020481,120.6588
0.3020679,120.37623
0.3020886,120.08247
0.3021094,119.77306
0.3021309,119.44393
0.3021494,119.15271
0.3021688,118.84615
0.3021887,118.52616
0.3022095,118.19128
0.3022302,117.84341
0.3022464,117.55533
0.3022628,117.26134
0.3022792,116.9646
0.3022955,116.66708
0.302312,116.37306
0.3023286,116.0854
0.302349,115.73538
0.3023697,115.40152
0.3023893,115.08192
0.302409,114.77395
0.3024282,114.47603
0.3024468,114.18287
0.3024653,113.89275
0.3024841,113.60172
0.3025023,113.30764
0.3025216,113.00242
0.3025403,112.68411
0.30256,112.35417
0.3025799,112.01308
0.3025999,111.66499
0.3026165,111.38276
0.3026327,111.10053
0.3026532,110.75068
0.3026736,110.40839
0.3026935,110.07711
0.3027142,109.75508
0.3027338,109.44183
0.3027541,109.13497
0.3027742,108.8326
0.3027937,108.53575
0.3028131,108.24284
0.3028325,107.9528
0.3028513,107.66502
0.3028743,107.32964
0.3028966,107.00577
0.302918,106.69482
0.3029393,106.39301
0.3029609,106.09082
0.302983,105.77954
0.3030047,105.45919
0.3030269,105.12792
0.3030457,104.84513
0.3030643,104.5545
0.3030828,104.25779
0.3031021,103.94991
0.3031212,103.62814
0.3031418,103.29549
0.3031625,102.95306
0.3031832,102.60468
0.3032041,102.25222
0.3032244,101.89996
0.3032408,101.61689
0.3032573,101.33465
0.3032775,100.98769
0.3032979,100.64992
0.3033175,100.32367
0.3033379,100.00666
0.3033571,99.69978
0.3033765,99.40188
0.3033955,99.10848
0.3034144,98.8178
0.3034332,98.52011
0.303453,98.21902
0.3034726,97.91255
0.3034931,97.60168
0.3035131,97.29103
0.3035327,96.98108
0.3035524,96.66862
0.3035716,96.35059
0.3035907,96.02856
0.3036108,95.69881
0.3036304,95.36373
0.3036508,95.02219
0.3036714,94.67022
0.303688,94.38184
0.3037052,94.08611
0.3037222,93.78196
0.3037399,93.4701
0.3037573,93.15113
0.3037755,92.82896
0.3037932,92.50682
0.3038114,92.18366
0.3038292,91.86292
0.3038468,91.54758
0.3038641,91.23922
0.3038812,90.93987
0.3038978,90.64895
0.3039148,90.36678
0.303935,90.02999
0.303956,89.70966
0.303976,89.40574
0.303996,89.11607
0.3040197,88.78411
0.3040432,88.46326
0.3040659,88.14581
0.3040885,87.82974
0.3041117,87.50385
0.3041342,87.16808
0.3041531,86.88358
0.3041724,86.59552
0.3041915,86.30389
0.3042101,86.01327
0.3042292,85.72271
0.3042475,85.43419
0.3042664,85.14567
0.3042852,84.8593
0.3043076,84.52102
0.3043301,84.1872
0.3043526,83.85713
0.3043754,83.52967
0.3043976,83.20307
0.30442,82.87732
0.3044424,82.54672
0.3044641,82.21273
0.3044868,81.87399
0.3045054,81.59019
0.304525,81.3071
0.3045472,80.97202
0.3045698,80.64464
0.3045926,80.3279
0.3046149,80.02041
0.3046375,79.71467
0.3046594,79.40547
0.3046818,79.0885
0.3047042,78.75739
0.3047225,78.47213
0.3047419,78.18349
0.3047604,77.89565
0.3047792,77.61149
0.3048015,77.27938
0.3048241,76.96014
0.3048455,76.6501
0.3048673,76.3456
0.3048896,76.03123
0.3049119,75.69178
0.3049319,75.38283
0.3049522,75.05512
0.3049739,74.70985
0.3049907,74.42534
0.3050082,74.13438
0.3050258,73.8384
0.3050427,73.54169
0.3050604,73.24599
0.3050776,72.95322
0.3050944,72.66596
0.3051119,72.38313
0.305132,72.03571
0.3051537,71.69622
0.3051733,71.36478
0.3051946,71.04044
0.3052146,70.7151
0.3052355,70.39271
0.3052554,70.07475
0.3052766,69.76115
0.305296,69.45068
0.3053171,69.1412
0.3053361,68.83611
0.3053567,68.53197
0.3053762,68.2309
0.3053965,67.93084
0.305416,67.63342
0.3054367,67.34243
0.3054557,67.05327
0.3054765,66.76781
0.3054949,66.48338
0.3055185,66.15051
0.3055409,65.82507
0.305564,65.50769
0.3055861,65.19511
0.3056075,64.88505
0.305631,64.57306
0.3056527,64.2616
0.3056752,63.95167
0.3056961,63.64736
0.3057173,63.34977
0.3057394,63.06363
0.305763,62.73868
0.3057879,62.41712
0.3058136,62.10054
0.3058378,61.78768
0.3058628,61.47786
0.3058887,61.16437
0.3059128,60.84866
0.3059371,60.53413
0.3059622,60.22256
0.3059862,59.9214
0.3060101,59.62651
0.3060342,59.33677
0.306058,59.04799
0.3060808,58.75702
0.306104,58.4654
0.3061271,58.16997
0.3061503,57.86818
0.3061749,57.55632
0.3061963,57.27202
0.3062181,56.9746
0.3062409,56.66915
0.3062627,56.36541
0.306285,56.06815
0.3063064,55.7807
0.3063312,55.45515
0.306357,55.14096
0.3063817,54.82735
0.3064066,54.51574
0.3064317,54.20631
0.3064559,53.89248
0.3064805,53.5773
0.3065047,53.2629
0.3065285,52.95438
0.3065533,52.6538
0.3065775,52.35571
0.3066007,52.06086
0.3066247,51.77582
0.3066519,51.4691
0.3066771,51.17355
0.306702,50.88106
0.3067281,50.59476
0.3067538,50.31211
0.3067824,49.99507
0.3068077,49.70459
0.3068338,49.40696
0.3068594,49.10122
0.3068846,48.79057
0.3069104,48.47774
0.3069367,48.17349
0.3069626,47.8777
0.3069885,47.59228
0.3070174,47.28304
0.3070456,46.9908
0.3070737,46.70543
0.3071013,46.4224
0.3071332,46.11013
0.3071651,45.79957
0.3071932,45.51428
0.3072218,45.22255
0.3072514,44.92396
0.3072804,44.61457
0.3073057,44.3198
0.307329,44.03116
0.3073537,43.70728
0.3073743,43.40839
0.3073958,43.09615
0.3074166,42.78075
0.3074386,42.46593
0.3074597,42.16158
0.3074807,41.86865
0.3075026,41.58544
0.3075277,41.25958
0.307554,40.93761
0.3075791,40.61786
0.3076043,40.29168
0.3076266,39.99548
0.3076491,39.6807
0.3076734,39.35264
0.3076924,39.06575
0.3077125,38.76711
0.3077329,38.45205
0.3077533,38.12563
0.3077743,37.78859
0.3077956,37.43809
0.3078132,37.15093
0.3078304,36.85519
0.3078483,36.5514
0.3078666,36.24583
0.3078836,35.94093
0.3079021,35.6381
0.3079195,35.33952
0.3079371,35.04509
0.3079555,34.75628
0.307978,34.40472
0.3080002,34.0615
0.3080226,33.72747
0.3080447,33.39845
0.3080668,33.07859
0.3080889,32.7695
0.3081108,32.47193
0.3081321,32.18331
0.3081537,31.89827
0.3081743,31.61574
0.308195,31.33273
0.3082152,31.05007
0.308239,30.71288
0.3082629,30.37713
0.3082835,30.0912
0.3083038,29.79683
0.3083246,29.49624
0.3083456,29.18893
0.3083662,28.87831
0.3083883,28.55855
0.3084109,28.2315
0.3084332,27.89275
0.308457,27.54502
0.3084756,27.26291
0.3084948,26.97687
0.3085142,26.69288
0.308538,26.34771
0.3085607,26.01965
0.3085826,25.71484
0.3086076,25.38038
0.3086317,25.08032
0.3086582,24.76641
0.3086873,24.44909
0.3087153,24.1524
0.3087418,23.86344
0.3087684,23.57818
0.3087955,23.29543
0.3088226,23.01101
0.3088534,22.69477
0.3088849,22.39042
0.3089164,22.08358
0.3089479,21.77303
0.308979,21.47244
0.309009,21.18658
0.3090415,20.89011
0.3090734,20.60325
0.3091042,20.32042
0.3091351,20.03489
0.3091639,19.74587
0.3091903,19.45553
0.3092189,19.13754
0.3092446,18.83644
0.3092711,18.52916
0.3092977,18.22446
0.3093238,17.9312
0.309353,17.61756
0.3093818,17.31859
0.3094098,17.02851
0.3094408,16.72237
0.3094714,16.43651
0.3095032,16.14063
0.3095367,15.84383
0.3095715,15.5607
0.3096083,15.25424
0.3096432,14.9527
0.3096742,14.65874
0.3097051,14.34267
0.3097333,14.04256
0.3097597,13.75951
0.3097861,13.45294
0.3098141,13.13524
0.3098412,12.82496
0.3098685,12.53024
0.309898,12.22035
0.3099278,11.93764
0.3099602,11.64311
0.3099953,11.33706
0.3100312,11.03493
0.3100633,10.75173
0.3100998,10.44349
0.3101377,10.14637
0.3101759,9.83235
0.31021,9.51515
0.3102401,9.21799
0.31027,8.92247
0.310302,8.60736
0.3103357,8.30814
0.3103687,8.00195
0.3104035,7.69044
0.310437,7.38261
0.3104703,7.09513
0.310506,6.80184
0.3105437,6.51929
0.3105878,6.21686
0.3106297,5.93462
0.3106707,5.62659
0.3107063,5.32672
0.310741,5.02439
0.3107715,4.72906
0.3108058,4.40655
0.3108345,4.11591
0.3108651,3.82171
0.3109023,3.51339
0.3109377,3.21182
0.3109711,2.86651
0.3109965,2.56953
0.3110246,2.26959
0.3110549,1.98004
0.3110902,1.64309
0.3111233,1.3459
0.3111657,1.04438
0.3112152,0.73546
0.3112721,0.44978
0.3113648,0.16643
