0,0
0.00003989,6.19297
0.00003939,6.4835
0.00004019,6.78362
0.00004199,7.08202
0.00004359,7.36441
0.00004539,7.68888
0.00004669,8.00033
0.00004839,8.28421
0.00005019,8.58722
0.00005219,8.91043
0.00005389,9.24942
0.00005499,9.53265
0.00005639,9.82676
0.00005799,10.12914
0.00005939,10.4381
0.00006069,10.75371
0.00006199,11.07223
0.00006339,11.39286
0.00006489,11.71695
0.00006639,12.04281
0.00006809,12.36995
0.00006989,12.69772
0.00007139,13.02467
0.00007339,13.35252
0.00007519,13.6793
0.00007689,14.0035
0.00007839,14.32831
0.00007979,14.65148
0.00008119,14.97242
0.00008289,15.29436
0.00008469,15.61883
0.00008659,15.94459
0.00008819,16.2738
0.00008969,16.60532
0.00009129,16.93793
0.00009269,17.27208
0.00009449,17.60651
0.00009619,17.93961
0.00009789,18.27121
0.00009969,18.60064
0.00010149,18.92787
0.00010319,19.25295
0.00010459,19.57484
0.00010579,19.89486
0.00010739,20.21429
0.00010849,20.53059
0.00010949,20.84447
0.00011069,21.15583
0.00011139,21.46429
0.00011199,21.77202
0.00011279,22.07926
0.00011399,22.38541
0.00011499,22.69203
0.00011589,22.99994
0.00011719,23.30844
0.00011869,23.61846
0.00012039,23.93023
0.00012249,24.24291
0.00012469,24.55578
0.00012689,24.86731
0.00012889,25.17631
0.00013099,25.48327
0.00013259,25.78756
0.00013389,26.08934
0.00013529,26.38987
0.00013629,26.68792
0.00013749,26.9828
0.00013879,27.27562
0.00013989,27.56557
0.00014109,27.85187
0.00014229,28.13651
0.00014379,28.41972
0.00014559,28.77155
0.00014739,29.12407
0.00014879,29.40626
0.00014979,29.68892
0.00015099,29.97153
0.00015229,30.25489
0.00015369,30.54106
0.00015499,30.82894
0.00015629,31.11638
0.00015749,31.40419
0.00015909,31.6909
0.00016099,31.97732
0.00016279,32.2633
0.00016439,32.54803
0.00016609,32.83264
0.00016789,33.11729
0.00016959,33.46868
0.00017119,33.81601
0.00017279,34.15935
0.00017429,34.49983
0.00017639,34.83753
0.00017779,35.17143
0.00017969,35.50747
0.00018159,35.84106
0.00018299,36.17588
0.00018479,36.51278
0.00018669,36.85178
0.00018799,37.19506
0.00018939,37.53819
0.00019069,37.88292
0.00019209,38.2262
0.00019349,38.56992
0.00019489,38.91185
0.00019679,39.25127
0.00019859,39.59101
0.00020089,39.92731
0.00020299,40.26502
0.00020489,40.59918
0.00020679,40.93128
0.00020849,41.25991
0.00021009,41.58418
0.00021199,41.90815
0.00021349,42.23244
0.00021479,42.55892
0.00021659,42.88591
0.00021819,43.21539
0.00022019,43.54459
0.00022189,43.87569
0.00022349,44.20946
0.00022439,44.54033
0.00022549,44.87266
0.00022699,45.20438
0.00022859,45.53635
0.00023019,45.86733
0.00023209,46.19845
0.00023339,46.52993
0.00023469,46.86149
0.00023559,47.19419
0.00023649,47.52545
0.00023819,47.85553
0.00023979,48.18103
0.00024149,48.50415
0.00024289,48.82693
0.00024439,49.15025
0.00024619,49.47642
0.00024839,49.80233
0.00025029,50.13078
0.00025219,50.4593
0.00025399,50.78679
0.00025569,51.11381
0.00025739,51.43805
0.00025909,51.76121
0.00026129,52.0832
0.00026299,52.40571
0.00026519,52.72464
0.00026669,53.04445
0.00026819,53.36686
0.00026979,53.68912
0.00027159,54.01072
0.00027339,54.3301
0.00027489,54.64957
0.00027659,54.96908
0.00027879,55.29015
0.00028039,55.61235
0.00028219,55.93638
0.00028359,56.26192
0.00028499,56.58941
0.00028679,56.91992
0.00028809,57.25069
0.00028989,57.5834
0.00029109,57.91713
0.00029239,58.24881
0.00029369,58.57721
0.00029479,58.90248
0.00029629,59.22768
0.00029739,59.54868
0.00029909,59.86843
0.00030039,60.18731
0.00030189,60.50516
0.00030349,60.8254
0.00030499,61.14389
0.00030699,61.46496
0.00030939,61.78767
0.00031129,62.11202
0.00031359,62.43752
0.00031519,62.76361
0.00031719,63.09258
0.00031919,63.42457
0.00032109,63.75989
0.00032319,64.09493
0.00032499,64.43153
0.00032739,64.76756
0.00032879,65.10341
0.00033019,65.43785
0.00033139,65.76528
0.00033249,66.08913
0.00033399,66.40904
0.00033519,66.72702
0.00033629,67.04287
0.00033779,67.35815
0.00033909,67.67397
0.00034089,67.99046
0.00034259,68.30845
0.00034419,68.62665
0.00034629,68.94748
0.00034769,69.27011
0.00034909,69.59365
0.00035039,69.91811
0.00035219,70.24615
0.00035419,70.58035
0.00035609,70.91647
0.00035799,71.2545
0.00035979,71.59129
0.00036149,71.9265
0.00036319,72.26042
0.00036459,72.59191
0.00036569,72.92222
0.00036719,73.24903
0.00036859,73.5748
0.00037029,73.89676
0.00037209,74.21577
0.00037419,74.53099
0.00037589,74.84436
0.00037779,75.15825
0.00037939,75.47276
0.00038089,75.79028
0.00038279,76.11166
0.00038459,76.43571
0.00038599,76.76236
0.00038719,77.09115
0.00038929,77.4258
0.00039129,77.7617
0.00039359,78.0994
0.00039539,78.43734
0.00039709,78.77415
0.00039859,79.10831
0.00040019,79.4398
0.00040149,79.76965
0.00040319,80.09649
0.00040469,80.42055
0.00040629,80.73959
0.00040789,81.05714
0.00040939,81.37479
0.00041109,81.6912
0.00041249,82.00484
0.00041389,82.3145
0.00041489,82.62502
0.00041679,82.93658
0.00041839,83.25185
0.00042059,83.57178
0.00042219,83.895
0.00042409,84.22208
0.00042609,84.55083
0.00042759,84.88396
0.00042959,85.21796
0.00043109,85.55178
0.00043329,85.8859
0.00043489,86.21931
0.00043659,86.55441
0.00043809,86.88694
0.00043989,87.22089
0.00044169,87.55298
0.00044329,87.88359
0.00044509,88.21249
0.00044639,88.53851
0.00044809,88.86373
0.00045009,89.18375
0.00045169,89.50361
0.00045349,89.82256
0.00045499,90.14149
0.00045679,90.46307
0.00045869,90.78726
0.00046069,91.11548
0.00046289,91.44552
0.00046439,91.77798
0.00046629,92.10889
0.00046739,92.43907
0.00046899,92.76746
0.00047019,93.0928
0.00047169,93.41569
0.00047319,93.73592
0.00047439,94.05528
0.00047609,94.37466
0.00047679,94.69522
0.00047859,95.01424
0.00047949,95.33021
0.00048139,95.64536
0.00048289,95.95939
0.00048459,96.2739
0.00048639,96.58685
0.00048789,96.90199
0.00048999,97.21952
0.00049209,97.54118
0.00049459,97.86611
0.00049659,98.19199
0.00049859,98.52297
0.00050029,98.85355
0.00050159,99.18533
0.00050319,99.51603
0.00050469,99.84496
0.00050609,100.17355
0.00050809,100.50067
0.00050949,100.8299
0.00051139,101.15984
0.00051289,101.49129
0.00051499,101.82302
0.00051649,102.15298
0.00051789,102.48145
0.00052009,102.80971
0.00052099,103.13793
0.00052249,103.46626
0.00052309,103.79669
0.00052479,104.12629
0.00052569,104.45785
0.00052709,104.79163
0.00052819,105.1265
0.00052949,105.46288
0.00053119,105.79646
0.00053249,106.12759
0.00053449,106.45535
0.00053589,106.78145
0.00053809,107.10855
0.00054029,107.43491
0.00054269,107.76146
0.00054499,108.08627
0.00054709,108.41106
0.00054919,108.73371
0.00055099,109.05653
0.00055279,109.37909
0.00055449,109.70079
0.00055629,110.02184
0.00055809,110.3437
0.00055929,110.66813
0.00056039,110.99242
0.00056179,111.3195
0.00056369,111.64967
0.00056569,111.98117
0.00056699,112.31203
0.00056879,112.64152
0.00057009,112.97289
0.00057189,113.30203
0.00057299,113.62789
0.00057469,113.95142
0.00057639,114.27304
0.00057839,114.59581
0.00058019,114.91663
0.00058159,115.23901
0.00058329,115.56171
0.00058469,115.88686
0.00058679,116.21206
0.00058859,116.53506
0.00059079,116.85932
0.00059199,117.18527
0.00059359,117.51419
0.00059479,117.84382
0.00059649,118.1771
0.00059839,118.51278
0.00060059,118.85001
0.00060289,119.18949
0.00060479,119.52861
0.00060669,119.86778
0.00060779,120.20406
0.00060969,120.5377
0.00061049,120.86675
0.00061199,121.19359
0.00061249,121.51987
0.00061399,121.8443
0.00061529,122.16813
0.00061699,122.49048
0.00061839,122.81263
0.00062009,123.13394
0.00062189,123.45345
0.00062369,123.77309
0.00062609,124.09301
0.00062829,124.41468
0.00063109,124.73795
0.00063329,125.06649
0.00063569,125.39714
0.00063739,125.7282
0.00063879,126.05859
0.00063969,126.38872
0.00064109,126.72009
0.00064239,127.04913
0.00064349,127.37616
0.00064479,127.70148
0.00064639,128.02406
0.00064849,128.34525
0.00064999,128.66437
0.00065229,128.98215
0.00065399,129.29535
0.00065629,129.60626
0.00065829,129.9165
0.00066069,130.22784
0.00066219,130.54089
0.00066449,130.85472
0.00066599,131.17242
0.00066769,131.49281
0.00066909,131.81932
0.00066999,132.14757
0.00067139,132.47792
0.00067219,132.8098
0.00067409,133.14311
0.00067559,133.47835
0.00067779,133.81238
0.00067999,134.14728
0.00068229,134.48108
0.00068379,134.81577
0.00068559,135.15137
0.00068689,135.48529
0.00068859,135.81873
0.00069009,136.14877
0.00069149,136.47945
0.00069319,136.80949
0.00069469,137.13802
0.00069629,137.46579
0.00069709,137.7951
0.00069869,138.12691
0.00069929,138.45804
0.00070119,138.79257
0.00070219,139.12862
0.00070409,139.46814
0.00070559,139.80898
0.00070759,140.15045
0.00070959,140.49075
0.00071139,140.82768
0.00071369,141.16356
0.00071549,141.4958
0.00071789,141.82866
0.00071979,142.16096
0.00072259,142.49007
0.00072439,142.81346
0.00072699,143.13072
0.00072829,143.44547
0.00073009,143.75926
0.00073139,144.07468
0.00073289,144.39201
0.00073399,144.71048
0.00073479,145.02957
0.00073599,145.34853
0.00073689,145.6711
0.00073869,145.99368
0.00073989,146.31937
0.00074249,146.64716
0.00074409,146.97627
0.00074679,147.30515
0.00074869,147.63054
0.00075099,147.95605
0.00075259,148.28146
0.00075479,148.60789
0.00075619,148.93138
0.00075739,149.2545
0.00075899,149.57462
0.00076039,149.89258
0.00076259,150.2115
0.00076389,150.52988
0.00076599,150.85031
0.00076729,151.17171
0.00076949,151.49591
0.00077079,151.82265
0.00077299,152.15077
0.00077439,152.48392
0.00077609,152.81682
0.00077749,153.15137
0.00077889,153.48508
0.00078059,153.81775
0.00078209,154.1487
0.00078449,154.47754
0.00078589,154.80867
0.00078829,155.13892
0.00078989,155.47018
0.00079239,155.79988
0.00079379,156.12743
0.00079619,156.45464
0.00079759,156.78249
0.00079939,157.11021
0.00080039,157.43434
0.00080179,157.75676
0.00080309,158.07695
0.00080419,158.39609
0.00080589,158.71648
0.00080729,159.03772
0.00080939,159.36075
0.00081079,159.68512
0.00081329,160.01001
0.00081449,160.33336
0.00081679,160.65611
0.00081819,160.97888
0.00082039,161.3002
0.00082189,161.62039
0.00082369,161.93674
0.00082519,162.25325
0.00082679,162.56932
0.00082879,162.88332
0.00082969,163.19522
0.00083179,163.50627
0.00083269,163.81802
0.00083469,164.12968
0.00083529,164.44121
0.00083769,164.75291
0.00083869,165.06633
0.00084099,165.38448
0.00084259,165.70929
0.00084479,166.03918
0.00084639,166.37097
0.00084829,166.70528
0.00085029,167.03853
0.00085209,167.37238
0.00085449,167.70421
0.00085569,168.03345
0.00085829,168.3622
0.00085929,168.68616
0.00086199,169.01141
0.00086299,169.33624
0.00086539,169.66318
0.00086639,169.99008
0.00086879,170.31598
0.00087019,170.64168
0.00087179,170.96823
0.00087319,171.29575
0.00087409,171.623
0.00087589,171.95222
0.00087689,172.28305
0.00087939,172.61703
0.00088019,172.95573
0.00088289,173.29558
0.00088339,173.63504
0.00088569,173.96999
0.00088659,174.30116
0.00088929,174.62903
0.00089069,174.95477
0.00089319,175.27847
0.00089539,175.59778
0.00089759,175.91554
0.00089989,176.22926
0.00090129,176.5425
0.00090319,176.85379
0.00090419,177.16212
0.00090679,177.46906
0.00090739,177.77559
0.00090999,178.08394
0.00091089,178.39325
0.00091359,178.70691
0.00091449,179.0246
0.00091629,179.34569
0.00091709,179.67213
0.00091849,180.00078
0.00092009,180.33238
0.00092119,180.66435
0.00092339,180.9987
0.00092459,181.33127
0.00092749,181.66243
0.00092819,181.99205
0.00093079,182.31932
0.00093089,182.64706
0.00093359,182.97212
0.00093439,183.29616
0.00093669,183.61702
0.00093769,183.93413
0.00093999,184.24821
0.00094199,184.56128
0.00094389,184.87703
0.00094609,185.19507
0.00094769,185.51656
0.00095049,185.84184
0.00095149,186.17165
0.00095459,186.50514
0.00095539,186.84096
0.00095829,187.17892
0.00095909,187.51666
0.00096179,187.85217
0.00096309,188.18346
0.00096579,188.51038
0.00096749,188.83479
0.00096939,189.15829
0.00097109,189.4823
0.00097229,189.80287
0.00097439,190.12131
0.00097509,190.43584
0.00097759,190.7482
0.00097849,191.05849
0.00098149,191.36784
0.00098219,191.67567
0.00098509,191.98209
0.00098559,192.29086
0.00098799,192.60083
0.00098889,192.91406
0.00099079,193.23067
0.00099189,193.55026
0.00099359,193.87093
0.00099559,194.19113
0.00099719,194.51462
0.00099969,194.83913
0.00100099,195.16533
0.00100399,195.4906
0.00100479,195.812
0.00100739,196.13242
0.00100789,196.45035
0.00101079,196.76569
0.00101219,197.07771
0.00101499,197.38892
0.00101659,197.69778
0.00101829,198.00627
0.00101959,198.31786
0.00102099,198.63217
0.00102279,198.94962
0.00102389,199.26932
0.00102649,199.59106
0.00102789,199.91296
0.00103089,200.23759
0.00103189,200.56346
0.00103439,200.88997
0.00103499,201.21898
0.00103739,201.54729
0.00103849,201.87482
0.00104079,202.20233
0.00104199,202.52942
0.00104399,202.85718
0.00104599,203.1832
0.00104779,203.50867
0.00105009,203.83168
0.00105159,204.15268
0.00105409,204.46931
0.00105539,204.78174
0.00105759,205.09352
0.00105889,205.40605
0.00106119,205.72125
0.00106279,206.03514
0.00106489,206.35043
0.00106609,206.66702
0.00106779,206.98492
0.00106919,207.3024
0.00107079,207.61743
0.00107289,207.93323
0.00107479,208.24733
0.00107719,208.56206
0.00107889,208.8772
0.00108109,209.19446
0.00108229,209.51231
0.00108469,209.83156
0.00108619,210.15346
0.00108809,210.47377
0.00108949,210.79401
0.00109119,211.11383
0.00109269,211.43417
0.00109439,211.75674
0.00109599,212.07938
0.00109759,212.40324
0.00109919,212.72662
0.00110069,213.05222
0.00110249,213.37836
0.00110439,213.70448
0.00110679,214.03047
0.00110919,214.3541
0.00111139,214.67776
0.00111329,214.99835
0.00111479,215.31813
0.00111669,215.63545
0.00111849,215.95305
0.00112049,216.27115
0.00112199,216.58972
0.00112359,216.908
0.00112509,217.22247
0.00112709,217.537
0.00112929,217.85188
0.00113169,218.168
0.00113379,218.48413
0.00113589,218.8002
0.00113819,219.11844
0.00113989,219.43851
0.00114159,219.76242
0.00114289,220.08693
0.00114469,220.41179
0.00114589,220.73752
0.00114809,221.06012
0.00114999,221.37938
0.00115229,221.69521
0.00115409,222.01114
0.00115599,222.32507
0.00115789,222.63792
0.00115969,222.94914
0.00116189,223.25874
0.00116339,223.57066
0.00116549,223.88081
0.00116689,224.19051
0.00116909,224.49915
0.00117049,224.80727
0.00117289,225.11681
0.00117439,225.42973
0.00117659,225.74751
0.00117789,226.06711
0.00118009,226.38951
0.00118209,226.71364
0.00118469,227.04002
0.00118679,227.3652
0.00118869,227.6866
0.00119049,228.00523
0.00119179,228.32214
0.00119369,228.63676
0.00119509,228.94984
0.00119709,229.26282
0.00119839,229.5752
0.00120039,229.88622
0.00120179,230.19519
0.00120359,230.50111
0.00120509,230.8067
0.00120699,231.1114
0.00120869,231.41733
0.00121069,231.72321
0.00121279,232.03262
0.00121489,232.34648
0.00121739,232.66234
0.00121939,232.98212
0.00122209,233.30565
0.00122439,233.63264
0.00122669,233.95847
0.00122889,234.28125
0.00123109,234.6013
0.00123299,234.91502
0.00123549,235.22348
0.00123729,235.53038
0.00123919,235.83763
0.00124089,236.1416
0.00124249,236.44322
0.00124419,236.74448
0.00124559,237.04417
0.00124679,237.34225
0.00124829,237.63664
0.00125019,237.93124
0.00125209,238.2289
0.00125409,238.53091
0.00125639,238.83784
0.00125889,239.14856
0.00126139,239.46498
0.00126339,239.78471
0.00126589,240.10526
0.00126769,240.42416
0.00126999,240.74161
0.00127179,241.05838
0.00127379,241.37233
0.00127539,241.68373
0.00127749,241.99419
0.00127909,242.30766
0.00128109,242.6205
0.00128279,242.93274
0.00128479,243.24196
0.00128709,243.5461
0.00128929,243.84979
0.00129189,244.15218
0.00129399,244.45708
0.00129649,244.763
0.00129889,245.0723
0.00130149,245.38571
0.00130369,245.69925
0.00130619,246.015
0.00130799,246.33142
0.00130949,246.64868
0.00131059,246.96466
0.00131169,247.27956
0.00131279,247.59155
0.00131389,247.89946
0.00131559,248.20442
0.00131789,248.50624
0.00132059,248.80852
0.00132289,249.10767
0.00132579,249.4062
0.00132759,249.70428
0.00132999,250.00137
0.00133219,250.29704
0.00133469,250.59215
0.00133679,250.88863
0.00133919,251.18555
0.00134119,251.48521
0.00134329,251.78831
0.00134549,252.09401
0.00134769,252.40237
0.00134979,252.70953
0.00135199,253.01794
0.00135439,253.32451
0.00135649,253.62848
0.00135869,253.93071
0.00136119,254.23225
0.00136339,254.53406
0.00136539,254.83301
0.00136759,255.13167
0.00136979,255.42839
0.00137169,255.72412
0.00137419,256.02032
0.00137659,256.31528
0.00137929,256.61108
0.00138129,256.90436
0.00138339,257.19888
0.00138489,257.49472
0.00138649,257.7955
0.00138779,258.09967
0.00138959,258.40631
0.00139169,258.71518
0.00139379,259.02466
0.00139599,259.33582
0.00139859,259.64462
0.00140139,259.95102
0.00140409,260.25455
0.00140679,260.55603
0.00140889,260.8569
0.00141149,261.15521
0.00141369,261.45001
0.00141589,261.741
0.00141769,262.03113
0.00141999,262.3175
0.00142209,262.6026
0.00142409,262.88602
0.00142689,263.22327
0.00142929,263.50589
0.00143129,263.79105
0.00143349,264.07941
0.00143569,264.36804
0.00143809,264.66202
0.00144069,264.96133
0.00144299,265.26309
0.00144579,265.56677
0.00144819,265.86734
0.00145099,266.16772
0.00145349,266.46439
0.00145639,266.75723
0.00145879,267.04633
0.00146109,267.33414
0.00146329,267.62192
0.00146519,267.90842
0.00146709,268.19501
0.00146909,268.48041
0.00147179,268.76367
0.00147449,269.04623
0.00147739,269.3291
0.00148009,269.61472
0.00148289,269.90146
0.00148509,270.19305
0.00148759,270.48727
0.00148969,270.78625
0.00149169,271.08704
0.00149329,271.3887
0.00149569,271.69223
0.00149809,271.99402
0.00150079,272.29535
0.00150369,272.59338
0.00150659,272.89227
0.00150959,273.19006
0.00151189,273.48648
0.00151449,273.78195
0.00151699,274.07343
0.00151979,274.36206
0.00152209,274.64569
0.00152449,274.92853
0.00152739,275.26654
0.00153049,275.60284
0.00153369,275.93747
0.00153679,276.27551
0.00153869,276.55823
0.00154109,276.89673
0.00154309,277.1799
0.00154579,277.46414
0.00154849,277.74994
0.00155149,278.03381
0.00155419,278.31601
0.00155799,278.65118
0.00156079,278.98578
0.00156429,279.31821
0.00156699,279.64844
0.00156979,279.97836
0.00157229,280.30887
0.00157499,280.63525
0.00157829,280.96179
0.00158119,281.28806
0.00158459,281.61609
0.00158809,281.94437
0.00159169,282.27438
0.00159559,282.60696
0.00159949,282.94107
0.00160299,283.2756
0.00160679,283.60922
0.00160969,283.94037
0.00161319,284.271
0.00161639,284.60269
0.00161939,284.93567
0.00162279,285.26807
0.00162569,285.60022
0.00162949,285.93066
0.00163299,286.25781
0.00163619,286.58533
0.00163929,286.90881
0.00164219,287.23364
0.00164529,287.55917
0.00164819,287.88708
0.00165179,288.2171
0.00165549,288.55029
0.00165949,288.88467
0.00166379,289.22113
0.00166779,289.55411
0.00167179,289.88651
0.00167549,290.216
0.00167859,290.54233
0.00168219,290.86462
0.00168579,291.18375
0.00168899,291.49677
0.00169269,291.80771
0.00169579,292.11612
0.00169959,292.42557
0.00170279,292.73373
0.00170629,293.04187
0.00171009,293.35315
0.00171359,293.66742
0.00171829,293.98422
0.00172219,294.30447
0.00172649,294.62704
0.00173059,294.94852
0.00173429,295.26956
0.00173819,295.58603
0.00174149,295.90201
0.00174519,296.21359
0.00174929,296.5242
0.00175339,296.83029
0.00175759,297.13477
0.00176159,297.43768
0.00176539,297.74155
0.00176949,298.04529
0.00177299,298.34976
0.00177749,298.65509
0.00178179,298.96408
0.00178599,299.27469
0.00179049,299.58954
0.00179449,299.90863
0.00179879,300.22791
0.00180239,300.54535
0.00180619,300.86276
0.00180999,301.1752
0.00181389,301.48526
0.00181829,301.79367
0.00182229,302.10114
0.00182689,302.40628
0.00183129,302.70462
0.00183539,302.99725
0.00183949,303.28851
0.00184389,303.57724
0.00184759,303.86484
0.00185129,304.15359
0.00185499,304.44238
0.00185949,304.73569
0.00186389,305.03329
0.00186879,305.33508
0.00187369,305.63333
0.00187749,305.92807
0.00188169,306.21954
0.00188559,306.51117
0.00189009,306.8028
0.00189479,307.09634
0.00189849,307.38708
0.00190319,307.6778
0.00190789,307.96417
0.00191259,308.24948
0.00191809,308.5784
0.00192339,308.9071
0.00192829,309.19022
0.00193329,309.47406
0.00193789,309.76151
0.00194269,310.04953
0.00194769,310.33932
0.00195229,310.63025
0.00195719,310.91953
0.00196179,311.2034
0.00196779,311.53098
0.00197349,311.85556
0.00197899,312.1803
0.00198449,312.50253
0.00199029,312.82172
0.00199549,313.14093
0.00200129,313.46048
0.00200729,313.78415
0.00201319,314.11053
0.00201839,314.39526
0.00202379,314.68176
0.00202869,314.96396
0.00203449,315.28943
0.00204009,315.60733
0.00204589,315.9158
0.00205169,316.21909
0.00205749,316.52112
0.00206239,316.82181
0.00206779,317.11981
0.00207369,317.41434
0.00207999,317.7059
0.00208569,317.99731
0.00209159,318.28833
0.00209749,318.58469
0.00210299,318.89386
0.00210929,319.20624
0.00211539,319.52533
0.00212159,319.84271
0.00212819,320.15182
0.00213429,320.45538
0.00214029,320.75391
0.00214679,321.04755
0.00215279,321.34018
0.00215879,321.62894
0.00216449,321.91208
0.00217069,322.19449
0.00217679,322.47711
0.00218269,322.7623
0.00218889,323.05429
0.00219589,323.35077
0.00220299,323.65323
0.00220969,323.96057
0.00221659,324.26968
0.00222329,324.57208
0.00222949,324.86743
0.00223609,325.15964
0.00224259,325.44611
0.00224969,325.76477
0.00225779,326.0788
0.00226559,326.38345
0.00227269,326.68271
0.00227959,326.98474
0.00228659,327.29129
0.00229429,327.60449
0.00230109,327.92108
0.00230879,328.23792
0.00231689,328.5567
0.00232479,328.87708
0.00233209,329.19366
0.00233899,329.50894
0.00234609,329.81992
0.00235379,330.12384
0.00236099,330.4231
0.00236849,330.71576
0.00237639,331.00702
0.00238449,331.30222
0.00239269,331.6019
0.00240029,331.90845
0.00240789,332.21982
0.00241609,332.53098
0.00242429,332.83969
0.00243209,333.1434
0.00243969,333.44659
0.00244749,333.74445
0.00245509,334.03635
0.00246399,334.35291
0.00247339,334.66864
0.00248339,334.98209
0.00249229,335.29599
0.00250109,335.61353
0.00250889,335.90085
0.00251639,336.18726
0.00252459,336.47
0.00253319,336.75296
0.00254169,337.03851
0.00255029,337.32169
0.00255939,337.63834
0.00256839,337.94528
0.00257729,338.24869
0.00258619,338.55179
0.00259529,338.8555
0.00260459,339.16595
0.00261499,339.47913
0.00262499,339.78876
0.00263449,340.09509
0.00264359,340.3967
0.00265229,340.69424
0.00266089,340.98828
0.00267029,341.2803
0.00268099,341.56931
0.00269139,341.85413
0.00270229,342.16699
0.00271109,342.45547
0.00272099,342.75201
0.00273079,343.04962
0.00274079,343.34439
0.00275039,343.63391
0.00276149,343.94199
0.00277209,344.24692
0.00278289,344.5531
0.00279349,344.85828
0.00280399,345.17001
0.00281339,345.4538
0.00282389,345.73914
0.00283519,346.02737
0.00284559,346.31839
0.00285479,346.60776
0.00286499,346.91861
0.00287509,347.21289
0.00288579,347.49933
0.00289819,347.80951
0.00290929,348.09412
0.00292039,348.38403
0.00293169,348.68002
0.00294359,348.97726
0.00295479,349.28729
0.00296629,349.59833
0.00297719,349.89908
0.00298739,350.18945
0.00299919,350.49945
0.00301209,350.80875
0.00302509,351.11472
0.00303829,351.4205
0.00305049,351.7037
0.00306239,351.99484
0.00307469,352.29257
0.00308599,352.59201
0.00309699,352.88037
0.00310989,353.1864
0.00312239,353.48462
0.00313429,353.77765
0.00314609,354.06372
0.00315859,354.37064
0.00317179,354.65503
0.00318559,354.94733
0.00319849,355.25104
0.00321059,355.53311
0.00322409,355.83276
0.00323769,356.12091
0.00325069,356.40887
0.00326459,356.71082
0.00327809,357.00006
0.00329299,357.29254
0.00330749,357.59698
0.00332099,357.89392
0.00333419,358.19385
0.00334689,358.48978
0.00336009,358.78101
0.00337339,359.06995
0.00338749,359.3681
0.00340209,359.65433
0.00341669,359.94308
0.00343149,360.2424
0.00344579,360.54755
0.00346009,360.8504
0.00347579,361.14719
0.00349059,361.43469
0.00350579,361.73544
0.00352099,362.02359
0.00353829,362.32108
0.00355319,362.60953
0.00356719,362.89285
0.00358209,363.18237
0.00359809,363.46655
0.00361489,363.76279
0.00363149,364.06656
0.00364739,364.36969
0.00366199,364.65186
0.00367759,364.9537
0.00369239,365.23636
0.00370739,365.51993
0.00372519,365.81989
0.00374209,366.10953
0.00375959,366.41248
0.00377619,366.70761
0.00379219,366.99481
0.00380919,367.28549
0.00382569,367.56992
0.00384189,367.85693
0.00385999,368.14249
0.00387839,368.43134
0.00389419,368.71414
0.00391269,369.00769
0.00393019,369.30118
0.00394909,369.5939
0.00396569,369.89017
0.00398159,370.18201
0.00399979,370.479
0.00401769,370.77817
0.00403849,371.06616
0.00405849,371.35757
0.00407899,371.65442
0.00409669,371.94016
0.00411439,372.22507
0.00413339,372.51523
0.00415249,372.80905
0.00417209,373.09973
0.00419139,373.39267
0.00421189,373.69223
0.00423099,373.97934
0.00424969,374.26938
0.00426919,374.56143
0.00428739,374.84879
0.00430729,375.13531
0.00432889,375.43369
0.00434839,375.72318
0.00436769,376.01566
0.00438729,376.31171
0.00440959,376.61249
0.00442899,376.89911
0.00444949,377.18799
0.00447199,377.47061
0.00449689,377.7674
0.00451889,378.06241
0.00454079,378.35526
0.00456139,378.65347
0.00458129,378.93607
0.00460409,379.22598
0.00462479,379.51117
0.00464719,379.80322
0.00466909,380.08954
0.00469239,380.38052
0.00471609,380.67346
0.00474009,380.9718
0.00476299,381.26779
0.00478599,381.55652
0.00481339,381.84711
0.00483929,382.13382
0.00486419,382.4245
0.00488779,382.71506
0.00490969,383.01373
0.00493249,383.30646
0.00495659,383.59106
0.00498029,383.88449
0.00500619,384.17267
0.00503189,384.45517
0.00505399,384.74545
0.00507499,385.02969
0.00510229,385.32455
0.00513149,385.60706
0.00516109,385.89648
0.00518689,386.19016
0.00521159,386.4751
0.00523789,386.76776
0.00526449,387.0592
0.00529349,387.35196
0.00531919,387.6376
0.00534189,387.91986
0.00536599,388.20453
0.00539329,388.49036
0.00542219,388.77811
0.00545029,389.06247
0.00547939,389.35254
0.00550619,389.64188
0.00553389,389.93332
0.00556539,390.2164
0.00559259,390.50397
0.00561669,390.79352
0.00564319,391.08353
0.00567239,391.37311
0.00570369,391.66522
0.00573339,391.94846
0.00576059,392.23141
0.00578999,392.51868
0.00582019,392.80289
0.00584919,393.09058
0.00588009,393.38367
0.00590679,393.67557
0.00593519,393.9704
0.00596779,394.26309
0.00600179,394.55099
0.00603269,394.84555
0.00606299,395.12817
0.00609669,395.42178
0.00612819,395.70731
0.00615839,395.99506
0.00618709,396.29163
0.00621739,396.5838
0.00625019,396.86719
0.00628179,397.15103
0.00631219,397.4368
0.00634529,397.72699
0.00637679,398.01486
0.00641169,398.30255
0.00644449,398.59021
0.00647429,398.88544
0.00650649,399.17358
0.00654119,399.46094
0.00657529,399.74417
0.00660569,400.03235
0.00663389,400.32486
0.00666649,400.60837
0.00670319,400.89706
0.00673939,401.1828
0.00676989,401.46616
0.00680489,401.74911
0.00684169,402.03842
0.00687949,402.33102
0.00690759,402.6156
0.00693989,402.90732
0.00697339,403.19434
0.00700889,403.48477
0.00704349,403.77731
0.00707609,404.06815
0.00711309,404.35165
0.00715329,404.63406
0.00718529,404.9202
0.00721989,405.21344
0.00725429,405.49597
0.00729229,405.78403
0.00732349,406.0726
0.00735659,406.36533
0.00739499,406.65213
0.00743869,406.94208
0.00747269,407.22464
0.00750459,407.51062
0.00754329,407.79538
0.00757919,408.07892
0.00761329,408.36682
0.00764409,408.64969
0.00768279,408.9346
0.00772739,409.21799
0.00776299,409.50604
0.00779639,409.79556
0.00783409,410.08203
0.00787379,410.36789
0.00790909,410.66089
0.00794469,410.94696
0.00798109,411.23218
0.00801969,411.51971
0.00805709,411.81039
0.00809679,412.10001
0.00813779,412.38354
0.00817259,412.67346
0.00820689,412.961
0.00824199,413.24991
0.00828289,413.54138
0.00831729,413.8324
0.00835719,414.11667
0.00840299,414.40454
0.00844259,414.69208
0.00847729,414.9744
0.00851769,415.26318
0.00856029,415.54883
0.00859529,415.83545
0.00862959,416.12183
0.00867169,416.40515
0.00871609,416.69257
0.00874959,416.97946
0.00878999,417.26764
0.00882649,417.55426
0.00886159,417.83954
0.00889509,418.1308
0.00893259,418.4223
0.00898099,418.70972
0.00901829,418.99704
0.00906149,419.28036
0.00910599,419.56879
0.00914619,419.85666
0.00918249,420.13928
0.00922059,420.42584
0.00925669,420.71011
0.00929179,420.99469
0.00933119,421.27823
0.00938009,421.56168
0.00942019,421.85266
0.00945459,422.14157
0.00949969,422.42776
0.00954669,422.71667
0.00958089,423.0014
0.00961529,423.28796
0.00966419,423.57513
0.00970219,423.86774
0.00973689,424.15396
0.00978569,424.44138
0.00982689,424.72437
0.00986629,425.00821
0.00990869,425.29468
0.00995319,425.57828
0.00999119,425.87015
0.01002779,426.16003
0.01006819,426.44354
0.01010899,426.72681
0.01015059,427.01367
0.01019759,427.30347
0.01023739,427.59265
0.01027499,427.88199
0.01031899,428.16556
0.01035799,428.44763
0.01039519,428.73279
0.01043839,429.01498
0.01048389,429.30423
0.01052229,429.58722
0.01056579,429.87109
0.01061679,430.15976
0.01065169,430.44821
0.01068929,430.73465
0.01073589,431.0209
0.01077719,431.31082
0.01081439,431.60181
0.01086139,431.88864
0.01091019,432.18005
0.01094689,432.47171
0.01098689,432.75708
0.01103359,433.0397
0.01107229,433.33038
0.01111479,433.61456
0.01116179,433.90198
0.01120489,434.18475
0.01125149,434.47232
0.01129709,434.76251
0.01133509,435.04572
0.01137799,435.32791
0.01142209,435.61792
0.01146019,435.90286
0.01150699,436.18549
0.01155559,436.4733
0.01159629,436.7641
0.01164189,437.05301
0.01168859,437.33582
0.01172289,437.61871
0.01176449,437.90741
0.01181629,438.19022
0.01185549,438.47348
0.01189919,438.75861
0.01194939,439.04361
0.01199239,439.32675
0.01203479,439.61627
0.01208239,439.89902
0.01212559,440.18716
0.01216559,440.47403
0.01221309,440.75925
0.01225679,441.04639
0.01229919,441.33469
0.01234669,441.62119
0.01239049,441.90387
0.01243689,442.19257
0.01248269,442.48215
0.01252059,442.77417
0.01256449,443.06155
0.01261519,443.34616
0.01266179,443.63403
0.01271219,443.91995
0.01276089,444.20505
0.01279979,444.49173
0.01283769,444.77695
0.01289089,445.06384
0.01293339,445.34729
0.01297389,445.63583
0.01303329,445.92206
0.01307569,446.20929
0.01311669,446.49487
0.01316439,446.77701
0.01320929,447.06314
0.01325329,447.35184
0.01330419,447.63858
0.01335289,447.92297
0.01340619,448.20837
0.01344779,448.49841
0.01349359,448.78467
0.01353999,449.07074
0.01357999,449.35675
0.01363829,449.64224
0.01368929,449.92456
0.01373119,450.20911
0.01378039,450.49457
0.01382709,450.7822
0.01386419,451.06631
0.01391559,451.34845
0.01397089,451.63385
0.01401979,451.92023
0.01407089,452.20355
0.01411089,452.48703
0.01415319,452.76996
0.01420459,453.0589
0.01425229,453.3454
0.01431179,453.62781
0.01435709,453.9151
0.01439509,454.19824
0.01444999,454.48279
0.01449399,454.77246
0.01454139,455.05939
0.01460669,455.34763
0.01465179,455.63647
0.01470149,455.92407
0.01474929,456.21365
0.01479449,456.49744
0.01484529,456.78122
0.01489249,457.06876
0.01494119,457.3541
0.01499469,457.63681
0.01503929,457.92273
0.01509879,458.20847
0.01514809,458.49405
0.01519389,458.77759
0.01524779,459.06256
0.01529269,459.35086
0.01534109,459.63354
0.01539889,459.92047
0.01545559,460.20639
0.01550329,460.49109
0.01554929,460.7796
0.01560119,461.06674
0.01564999,461.3544
0.01570039,461.64035
0.01576549,461.92523
0.01580829,462.21542
0.01585579,462.50064
0.01591069,462.78299
0.01595449,463.06738
0.01602619,463.35022
0.01607659,463.64133
0.01611949,463.92798
0.01617379,464.21313
0.01622419,464.49796
0.01627849,464.78091
0.01633219,465.06662
0.01638719,465.35123
0.01643989,465.63446
0.01648739,465.92188
0.01654029,466.20514
0.01658989,466.48969
0.01665369,466.77292
0.01670739,467.05499
0.01675479,467.33932
0.01681139,467.62296
0.01685779,467.91046
0.01692429,468.19299
0.01697459,468.4816
0.01702539,468.76816
0.01708309,469.05167
0.01713109,469.33978
0.01719059,469.62726
0.01724329,469.91125
0.01730129,470.19403
0.01735749,470.48172
0.01741089,470.76855
0.01746619,471.05182
0.01751469,471.33997
0.01758679,471.62579
0.01763549,471.91068
0.01769139,472.19577
0.01774419,472.48053
0.01779769,472.76389
0.01786759,473.04617
0.01791249,473.32907
0.01796929,473.6113
0.01802439,473.90131
0.01808059,474.1864
0.01814179,474.47565
0.01819279,474.76355
0.01825999,475.05148
0.01831059,475.33508
0.01836949,475.6188
0.01842619,475.90485
0.01848589,476.19095
0.01854019,476.47797
0.01860039,476.76022
0.01865709,477.04703
0.01871519,477.3309
0.01877759,477.61688
0.01882239,477.90155
0.01890239,478.1843
0.01895159,478.47028
0.01902439,478.75333
0.01907229,479.04184
0.01912659,479.32608
0.01919009,479.60962
0.01924349,479.89529
0.01931439,480.18271
0.01937349,480.46902
0.01943299,480.75638
0.01948709,481.04346
0.01955899,481.32825
0.01961809,481.61285
0.01968429,481.89651
0.01973249,482.18161
0.01979199,482.46567
0.01984799,482.74817
0.01991629,483.03159
0.01998249,483.31729
0.02003559,483.60361
0.02009679,483.89233
0.02016249,484.1777
0.02023789,484.4632
0.02029759,484.75061
0.02035719,485.03549
0.02040679,485.32208
0.02047059,485.60605
0.02053359,485.88986
0.02061719,486.1774
0.02067339,486.46112
0.02073269,486.74777
0.02078429,487.03403
0.02086659,487.3204
0.02092039,487.60809
0.02099679,487.89136
0.02104629,488.17587
0.02112839,488.45938
0.02118279,488.74542
0.02124909,489.03128
0.02131209,489.31918
0.02138399,489.60458
0.02145409,489.89139
0.02151679,490.17435
0.02157299,490.45856
0.02164989,490.74188
0.02171339,491.02396
0.02178809,491.30939
0.02184259,491.59219
0.02190649,491.87524
0.02196369,492.15964
0.02205509,492.44608
0.02211189,492.72925
0.02218389,493.01639
0.02223729,493.29962
0.02232179,493.58569
0.02239529,493.86905
0.02245929,494.15491
0.02251399,494.43805
0.02258869,494.72461
0.02266829,495.00824
0.02273769,495.29565
0.02280159,495.58148
0.02286769,495.8678
0.02294909,496.15189
0.02301399,496.43668
0.02308769,496.7226
0.02314839,497.00732
0.02323299,497.2901
0.02329769,497.57526
0.02337579,497.85965
0.02343329,498.14661
0.02351309,498.43179
0.02357769,498.71826
0.02365339,499.00418
0.02372689,499.28979
0.02378909,499.57632
0.02387739,499.85849
0.02393249,500.14349
0.02401069,500.42899
0.02406429,500.71619
0.02416419,501.00394
0.02422829,501.28821
0.02430769,501.57397
0.02436479,501.85757
0.02445399,502.14102
0.02452739,502.42526
0.02459399,502.70819
0.02467689,502.99252
0.02475019,503.27643
0.02482749,503.56308
0.02489919,503.84845
0.02498609,504.13095
0.02506839,504.4137
0.02512999,504.70132
0.02521349,504.9873
0.02528699,505.27094
0.02536609,505.55652
0.02544519,505.83981
0.02551019,506.12524
0.02560079,506.40799
0.02567979,506.69351
0.02575359,506.97894
0.02581989,507.26135
0.02590639,507.54706
0.02599739,507.83453
0.02606689,508.11798
0.02614599,508.40649
0.02621209,508.68863
0.02630709,508.97324
0.02639229,509.25949
0.02645229,509.54526
0.02654119,509.83035
0.02662499,510.11359
0.02670159,510.39743
0.02678189,510.68259
0.02686529,510.96597
0.02694549,511.24881
0.02703499,511.53333
0.02710129,511.81622
0.02720449,512.09894
0.02727899,512.38416
0.02735939,512.67096
0.02745859,512.95483
0.02752669,513.23914
0.02760419,513.52277
0.02770619,513.80664
0.02779429,514.08978
0.02787449,514.37769
0.02794739,514.66101
0.02803689,514.94464
0.02813579,515.22894
0.02821109,515.51477
0.02828609,515.79987
0.02839169,516.08411
0.02848029,516.36951
0.02855479,516.6557
0.02861999,516.93939
0.02873089,517.22314
0.02881729,517.51154
0.02889889,517.79443
0.02898239,518.07855
0.02909339,518.3645
0.02917259,518.64886
0.02924029,518.93304
0.02935939,519.21765
0.02944639,519.50116
0.02951279,519.78662
0.02962419,520.07294
0.02972229,520.35577
0.02979329,520.64038
0.02988829,520.92267
0.03000309,521.20953
0.03007469,521.4953
0.03017309,521.77856
0.03027789,522.06299
0.03035269,522.34808
0.03043349,522.63239
0.03054739,522.91937
0.03064549,523.20392
0.03072379,523.48761
0.03083409,523.76971
0.03093859,524.05695
0.03100909,524.34155
0.03111739,524.62756
0.03122359,524.91052
0.03129879,525.19495
0.03141309,525.47913
0.03150989,525.76318
0.03160659,526.04834
0.03168239,526.33307
0.03179879,526.61877
0.03189149,526.90497
0.03198029,527.18823
0.03209149,527.47235
0.03219069,527.75598
0.03228579,528.0415
0.03240519,528.3244
0.03248559,528.60925
0.03257859,528.89532
0.03270249,529.18097
0.03281429,529.46521
0.03289049,529.74945
0.03300139,530.03455
0.03311069,530.32025
0.03321619,530.6037
0.03330949,530.8877
0.03340289,531.17163
0.03352079,531.45624
0.03363779,531.74194
0.03373949,532.02405
0.03382399,532.30853
0.03392119,532.59119
0.03403019,532.87469
0.03416009,533.1582
0.03426299,533.44415
0.03433789,533.72998
0.03445079,534.01508
0.03458299,534.29706
0.03466279,534.58142
0.03476459,534.86444
0.03489409,535.12708
0.03499209,535.40912
0.03508959,535.69305
0.03521969,535.97614
0.03531949,536.25916
0.03542679,536.54181
0.03555719,536.81848
0.03566319,537.10071
0.03576929,537.38397
0.03589359,537.66785
0.03598999,537.95215
0.03609689,538.23621
0.03622479,538.52014
0.03633899,538.80444
0.03645999,539.08929
0.03655489,539.3728
0.03667889,539.65552
0.03679339,539.94098
0.03690349,540.22394
0.03703329,540.46149
0.03714569,540.74652
0.03722819,541.02899
0.03735149,541.31226
0.03747849,541.59521
0.03758119,541.87756
0.03771339,542.10846
0.03781809,542.39246
0.03790999,542.67596
0.03803819,542.91998
0.03815919,543.20557
0.03828369,543.4895
0.03841529,543.76642
0.03854359,544.05133
0.03867469,544.32172
0.03879049,544.60437
0.03890429,544.88831
0.03903079,545.17249
0.03916119,545.45465
0.03928849,545.7088
0.03939029,545.9917
0.03951529,546.27405
0.03964659,546.51697
0.03975539,546.80176
0.03988649,547.06427
0.03999379,547.34631
0.04011939,547.62976
0.04024949,547.91266
0.04038079,548.18945
0.04051419,548.44354
0.04062159,548.72748
0.04075199,549.00458
0.04088539,549.28815
0.04101779,549.56604
0.04114979,549.78748
0.04127369,550.07025
0.04140489,550.323
0.04153629,550.60522
0.04165199,550.88794
0.04178289,551.12134
0.04190429,551.40417
0.04203079,551.68646
0.04216539,551.9165
0.04228209,552.20288
0.04241499,552.42291
0.04254409,552.70795
0.04267909,552.97357
0.04281059,553.24036
0.04294309,553.50397
0.04307749,553.7536
0.04318309,554.03607
0.04331689,554.25348
0.04343129,554.53552
0.04356539,554.79285
0.04370049,555.0036
0.04382359,555.28625
0.04395799,555.5246
0.04408749,555.76282
0.04421649,556.04688
0.04434799,556.20752
0.04448179,556.48975
0.04461659,556.75275
0.04474989,556.95587
0.04483829,557.23999
0.04497619,557.47076
0.04510889,557.69238
0.04524309,557.95233
0.04537589,558.17535
0.04550969,558.46039
0.04564519,558.67523
0.04577919,558.9317
0.04591229,559.1593
0.04604869,559.41675
0.04618449,559.67432
0.04631739,559.9079
0.04645229,560.17126
0.04658899,560.31409
0.04672059,560.59747
0.04685499,560.83075
0.04698899,561.0993
0.04712579,561.35278
0.04726249,561.52429
0.04739319,561.80701
0.04753089,562.01917
0.04766439,562.26709
0.04780069,562.52106
0.04793459,562.71027
0.04806969,562.98077
0.04820509,563.16309
0.04833869,563.39227
0.04847239,563.65326
0.04860719,563.84052
0.04874329,564.11395
0.04887809,564.28821
0.04901239,564.547
0.04914789,564.77252
0.04928449,565.01196
0.04941989,565.23779
0.04955549,565.43964
0.04969309,565.65607
0.04983079,565.88696
0.04996639,566.10736
0.05010189,566.26709
0.05023079,566.54919
0.05036509,566.73865
0.05050049,566.96667
0.05063979,567.21747
0.05077569,567.39386
0.05091149,567.63025
0.05104919,567.84729
0.05118469,568.02222
0.05132309,568.3006
0.05145879,568.4668
0.05159639,568.70361
0.05173509,568.94922
0.05187109,569.08411
0.05200819,569.36792
0.05214589,569.50946
0.05228429,569.75159
0.05242369,569.93109
0.05256069,570.14563
0.05269869,570.34918
0.05283859,570.5437
0.05297419,570.76007
0.05311269,570.90857
0.05325019,571.14246
0.05338969,571.34033
0.05352539,571.54895
0.05366419,571.79022
0.05380249,571.94189
0.05393929,572.18976
0.05408019,572.36108
0.05421759,572.54834
0.05435799,572.75397
0.05449519,572.94946
0.05463329,573.15625
0.05477029,573.30634
0.05490929,573.5116
0.05504939,573.73846
0.05518599,573.92505
0.05532729,574.13062
0.05546549,574.27081
0.05560309,574.48242
0.05574249,574.64764
0.05588079,574.83978
0.05602189,575.07635
0.05616089,575.24109
0.05630039,575.40472
0.05643809,575.56372
0.05657959,575.78857
0.05671679,575.90942
0.05685619,576.16473
0.05699499,576.29761
0.05713159,576.48016
0.05727049,576.71021
0.05741129,576.86127
0.05755159,577.09924
0.05769009,577.27301
0.05783089,577.43634
0.05796969,577.65369
0.05810799,577.75861
0.05824819,577.96588
0.05838909,578.16882
0.05853029,578.3363
0.05867089,578.52521
0.05881129,578.69403
0.05895319,578.87347
0.05909349,579.00824
0.05923419,579.18042
0.05937349,579.3324
0.05951709,579.52612
0.05965469,579.66412
0.05979559,579.86377
0.05993729,580.09003
0.06007819,580.20898
0.06021919,580.39746
0.06036059,580.60596
0.06050369,580.71295
0.06064559,580.98114
0.06078539,581.03748
0.06092609,581.23511
0.06106829,581.43903
0.06120819,581.54468
0.06135359,581.802
0.06149129,581.896
0.06163439,582.09534
0.06177659,582.22162
0.06191819,582.38574
0.06206259,582.60687
0.06220339,582.72278
0.06234759,582.88293
0.06248739,583.00488
0.06263109,583.1955
0.06277179,583.32886
0.06291479,583.48431
0.06305729,583.64392
0.06319939,583.76147
0.06334059,583.97296
0.06348429,584.07495
0.06362289,584.28925
0.06376709,584.42023
0.06390809,584.56122
0.06405079,584.77753
0.06419119,584.86859
0.06433569,585.08417
0.06447939,585.21979
0.06462109,585.35132
0.06476369,585.57068
0.06490409,585.65875
0.06504819,585.85797
0.06519099,585.96039
0.06533539,586.09985
0.06547999,586.25977
0.06562049,586.32739
0.06576049,586.50372
0.06590699,586.66962
0.06605009,586.84222
0.06619249,586.95215
0.06633599,587.08746
0.06647619,587.2442
0.06662109,587.43091
0.06676509,587.5614
0.06690729,587.69995
0.06705249,587.8891
0.06719659,588.01886
0.06734069,588.2168
0.06748439,588.36523
0.06763059,588.45123
0.06777359,588.63745
0.06792099,588.73706
0.06806579,588.88959
0.06821109,589.04663
0.06835389,589.11694
0.06849999,589.336
0.06864589,589.42426
0.06878869,589.53448
0.06893409,589.70154
0.06907729,589.79156
0.06922269,589.9884
0.06936809,590.08398
0.06951489,590.25793
0.06966199,590.32629
0.06980589,590.5166
0.06994969,590.59778
0.07009599,590.73505
0.07024259,590.92938
0.07038619,590.99487
0.07053409,591.17688
0.07067849,591.31445
0.07082529,591.44049
0.07096989,591.63885
0.07111669,591.71356
0.07126299,591.86719
0.07141099,591.97449
0.07155719,592.11121
0.07170319,592.20752
0.07184929,592.31952
0.07199559,592.47144
0.07213869,592.59784
0.07228649,592.70984
0.07243139,592.82025
0.07257849,592.9173
0.07272279,593.06464
0.07286829,593.16486
0.07301429,593.33179
0.07316279,593.43976
0.07331109,593.59125
0.07345819,593.71289
0.07360379,593.83917
0.07374949,593.95831
0.07389599,594.07526
0.07404449,594.20593
0.07419339,594.32074
0.07433999,594.44812
0.07448829,594.58856
0.07463449,594.6795
0.07478139,594.82739
0.07492669,594.89423
0.07507429,595.02521
0.07522119,595.13611
0.07536819,595.22205
0.07551379,595.39868
0.07566309,595.47827
0.07581099,595.60699
0.07595739,595.70044
0.07610549,595.83356
0.07625329,595.96625
0.07639989,596.07153
0.07655059,596.20544
0.07669699,596.26135
0.07684549,596.43481
0.07699549,596.50952
0.07714249,596.6825
0.07729269,596.79602
0.07744079,596.85394
0.07758899,597.02844
0.07774009,597.09943
0.07788879,597.23962
0.07803929,597.37329
0.07818689,597.40094
0.07833749,597.58899
0.07848259,597.6142
0.07863339,597.7536
0.07878289,597.89636
0.07893129,597.96246
0.07908099,598.11536
0.07923179,598.15961
0.07937999,598.27899
0.07952909,598.37512
0.07967969,598.4942
0.07982799,598.59882
0.07997919,598.71283
0.08012859,598.8382
0.08027559,598.89252
0.08042799,599.02856
0.08057619,599.10187
0.08072759,599.23132
0.08087929,599.34003
0.08102589,599.44214
0.08118069,599.58752
0.08132959,599.64716
0.08147899,599.75708
0.08163009,599.86395
0.08177989,599.91913
0.08193129,600.06592
0.08207809,600.10938
0.08222799,600.24866
0.08237949,600.33234
0.08252759,600.41101
0.08267829,600.55927
0.08283089,600.62317
0.08298049,600.75598
0.08313059,600.78796
0.08328149,600.88861
0.08343189,601.00403
0.08358179,601.12994
0.08373529,601.21094
0.08388479,601.29846
0.08403619,601.39697
0.08418879,601.49927
0.08433779,601.62604
0.08449079,601.66327
0.08464209,601.80151
0.08479359,601.91095
0.08494519,601.98578
0.08509819,602.10223
0.08524749,602.16846
0.08540129,602.28802
0.08555569,602.43292
0.08570659,602.41394
0.08585789,602.5592
0.08601289,602.61517
0.08616289,602.73077
0.08631999,602.89618
0.08646919,602.90411
0.08662449,603.02734
0.08677629,603.04608
0.08692799,603.16064
0.08708479,603.27869
0.08723919,603.36517
0.08739029,603.42413
0.08754369,603.492
0.08769899,603.63428
0.08785329,603.6795
0.08800429,603.79065
0.08815799,603.90265
0.08831109,603.93884
0.08846319,604.06964
0.08861899,604.11896
0.08877169,604.24072
0.08892589,604.31067
0.08907899,604.36432
0.08923529,604.49811
0.08938609,604.56683
0.08953819,604.65808
0.08969479,604.69641
0.08984619,604.79767
0.09000149,604.87775
0.09015539,604.97125
0.09031169,605.0625
0.09046189,605.08929
0.09061639,605.21863
0.09077409,605.27936
0.09092659,605.32806
0.09108199,605.50488
0.09123779,605.5639
0.09139429,605.63525
0.09154869,605.67572
0.09170299,605.76025
0.09185869,605.78448
0.09201009,605.948
0.09216839,606.02106
0.09232189,606.08545
0.09247819,606.17163
0.09263329,606.2121
0.09278669,606.33038
0.09294249,606.43024
0.09309679,606.49799
0.09325299,606.61688
0.09341069,606.62384
0.09356509,606.7312
0.09372349,606.84521
0.09387909,606.87494
0.09403529,606.98694
0.09419129,607.00452
0.09434759,607.07324
0.09450499,607.13586
0.09466189,607.21765
0.09481909,607.29749
0.09497409,607.35339
0.09512959,607.43518
0.09528349,607.47302
0.09544159,607.64667
0.09560029,607.69104
0.09575549,607.77563
0.09591659,607.87927
0.09607339,607.87292
0.09622789,608.0224
0.09638699,608.04163
0.09654439,608.12091
0.09670489,608.23328
0.09685889,608.20233
0.09701519,608.36542
0.09717529,608.39423
0.09733219,608.47369
0.09749079,608.54523
0.09764599,608.5647
0.09780489,608.68182
0.09796479,608.69568
0.09812089,608.80713
0.09828169,608.87549
0.09843819,608.95203
0.09859719,608.98016
0.09875549,609.0293
0.09891189,609.12531
0.09906879,609.16254
0.09922869,609.26208
0.09938619,609.2782
0.09954249,609.38184
0.09970189,609.45642
0.09985879,609.49957
0.10001839,609.64142
0.10017779,609.64227
0.10033309,609.73792
0.10049379,609.7962
0.10065449,609.86298
0.10081179,609.96283
0.10097029,609.9577
0.10112909,610.01501
0.10128769,610.08167
0.10144599,610.10736
0.10160459,610.18469
0.10176299,610.20215
0.10192099,610.3017
0.10208019,610.34888
0.10223939,610.40167
0.10239889,610.48047
0.10255779,610.57874
0.10271489,610.64746
0.10287569,610.68237
0.10303669,610.75916
0.10319419,610.79712
0.10335409,610.93011
0.10351869,610.99432
0.10367649,611.04724
0.10383739,611.09412
0.10399729,611.0929
0.10416019,611.21729
0.10432009,611.2699
0.10448249,611.31464
0.10464239,611.38873
0.10480189,611.33771
0.10496409,611.48169
0.10512309,611.53485
0.10528529,611.53845
0.10544369,611.65442
0.10560519,611.64154
0.10576699,611.76971
0.10592839,611.77972
0.10608909,611.87299
0.10625039,611.90082
0.10641169,611.96722
0.10657499,612.01843
0.10673489,612.03503
0.10689789,612.19385
0.10706039,612.19434
0.10722029,612.2619
0.10738309,612.3269
0.10754399,612.36554
0.10770609,612.49609
0.10787149,612.47797
0.10803369,612.55463
0.10819659,612.59442
0.10835879,612.62457
0.10851889,612.65918
0.10867909,612.69415
0.10884309,612.77106
0.10900599,612.81427
0.10916669,612.84442
0.10932629,612.88501
0.10949079,612.93427
0.10965299,613.04358
0.10981649,613.0459
0.10997519,613.08228
0.11014029,613.13635
0.11030239,613.21808
0.11046809,613.30066
0.11062849,613.36176
0.11079179,613.38483
0.11095859,613.39722
0.11111919,613.49939
0.11128209,613.51501
0.11144559,613.56366
0.11160959,613.6322
0.11176919,613.62793
0.11193479,613.73309
0.11209629,613.73889
0.11226359,613.80487
0.11242669,613.88281
0.11258829,613.87219
0.11275249,613.96075
0.11291609,613.96826
0.11307979,614.01318
0.11324429,614.08893
0.11340899,614.13538
0.11357569,614.1795
0.11373889,614.18573
0.11390319,614.25702
0.11406619,614.26099
0.11423399,614.36133
0.11439879,614.35828
0.11456409,614.43915
0.11472899,614.52179
0.11489499,614.50488
0.11505819,614.62311
0.11522529,614.64178
0.11539019,614.6626
0.11555639,614.77777
0.11572239,614.70172
0.11588649,614.79053
0.11605239,614.81122
0.11621909,614.82263
0.11638569,614.94226
0.11654709,614.90295
0.11671649,615.01068
0.11688399,615.00983
0.11704709,615.0379
0.11721169,615.08942
0.11737849,615.14648
0.11754499,615.1925
0.11771149,615.20526
0.11787809,615.28259
0.11804699,615.263
0.11821259,615.34052
0.11837909,615.37067
0.11854449,615.39398
0.11870999,615.45801
0.11887649,615.45074
0.11904629,615.55682
0.11921029,615.56781
0.11937579,615.57562
0.11954209,615.65338
0.11971009,615.67078
0.11987769,615.75189
0.12004199,615.71118
0.12020799,615.76868
0.12037449,615.80804
0.12054189,615.84979
0.12070779,615.92474
0.12087589,615.89941
0.12104369,615.96765
0.12121199,615.9765
0.12137749,615.99725
0.12154709,616.05847
0.12171379,616.09827
0.12188089,616.11572
0.12204879,616.1416
0.12221649,616.17908
0.12238519,616.23938
0.12255319,616.31921
0.12272269,616.29523
0.12289099,616.33917
0.12305789,616.38489
0.12322429,616.39703
0.12339379,616.4726
0.12356269,616.47614
0.12372969,616.51245
0.12390049,616.60504
0.12406959,616.57343
0.12423819,616.64453
0.12440799,616.63971
0.12457729,616.67047
0.12474689,616.76093
0.12491669,616.70966
0.12508569,616.78223
0.12525579,616.79803
0.12542499,616.80048
0.12559559,616.85406
0.12576619,616.8764
0.12593499,616.92871
0.12610589,616.92383
0.12627539,616.98285
0.12644479,616.97174
0.12661429,617.03894
0.12678599,617.1134
0.12695549,617.0993
0.12712389,617.14771
0.12729599,617.15649
0.12746489,617.1795
0.12763669,617.24847
0.12780509,617.24426
0.12797669,617.3457
0.12814909,617.33331
0.12831749,617.34192
0.12849119,617.35382
0.12866089,617.37317
0.12883179,617.42444
0.12900279,617.44037
0.12917319,617.4707
0.12934319,617.41028
0.12951549,617.48914
0.12968649,617.54364
0.12985559,617.5506
0.13002949,617.6322
0.13020119,617.6095
0.13037379,617.66339
0.13054329,617.65594
0.13071329,617.70282
0.13088559,617.70013
0.13105389,617.75647
0.13122659,617.75836
0.13139829,617.80884
0.13157109,617.83282
0.13174339,617.854
0.13191209,617.88574
0.13208879,617.94153
0.13225889,617.93573
0.13243089,617.96039
0.13260089,617.94952
0.13277479,617.98865
0.13294789,618.03729
0.13311869,618.01599
0.13329199,618.09198
0.13346359,618.06921
0.13363949,618.09344
0.13381169,618.09851
0.13398259,618.12402
0.13415699,618.17029
0.13433109,618.19067
0.13450389,618.25348
0.13467639,618.20087
0.13485079,618.3161
0.13502619,618.29236
0.13519589,618.31659
0.13537219,618.39478
0.13554539,618.34955
0.13572169,618.40613
0.13589629,618.40735
0.13606749,618.41797
0.13624269,618.47675
0.13641649,618.43268
0.13659179,618.50549
0.13676739,618.49158
0.13693799,618.51398
0.13711429,618.58093
0.13729009,618.52979
0.13746549,618.60858
0.13763929,618.57336
0.13781679,618.61139
0.13798879,618.59729
0.13816439,618.61786
0.13833919,618.6496
0.13851429,618.66046
0.13869159,618.70575
0.13886339,618.66992
0.13903859,618.73059
0.13921269,618.74744
0.13938969,618.79773
0.13956489,618.82617
0.13973889,618.78851
0.13991259,618.84607
0.14008919,618.84088
0.14026549,618.88361
0.14044219,618.90381
0.14061699,618.88312
0.14079109,618.93256
0.14097049,618.92413
0.14114499,618.90979
0.14131939,618.92596
0.14149299,618.91504
0.14167039,618.96906
0.14184449,618.91138
0.14202029,618.966
0.14219839,618.98724
0.14237259,619.02344
0.14254779,619.0202
0.14272349,619.0304
0.14289879,619.09521
0.14307669,619.10516
0.14325639,619.12494
0.14343269,619.11322
0.14360939,619.1828
0.14378849,619.18787
0.14396629,619.18237
0.14414279,619.2384
0.14432069,619.17297
0.14449769,619.22363
0.14467719,619.2514
0.14485269,619.21686
0.14503169,619.2821
0.14520839,619.2132
0.14538489,619.27515
0.14556399,619.30347
0.14574249,619.22906
0.14592279,619.30792
0.14609809,619.28711
0.14627699,619.32581
0.14645579,619.3056
0.14663559,619.33679
0.14681239,619.34991
0.14699149,619.3703
0.14716979,619.40881
0.14734689,619.35706
0.14752659,619.43646
0.14770579,619.42236
0.14788529,619.45154
0.14806789,619.49359
0.14824529,619.43304
0.14842169,619.47211
0.14860269,619.46912
0.14878239,619.50836
0.14896339,619.53839
0.14914139,619.50012
0.14932149,619.48431
0.14949649,619.45239
0.14967669,619.47498
0.14985449,619.48694
0.15003429,619.52179
0.15021559,619.51288
0.15039159,619.49969
0.15057219,619.56342
0.15075299,619.52173
0.15093069,619.54022
0.15111039,619.58948
0.15129249,619.59399
0.15147169,619.60028
0.15165019,619.59021
0.15183139,619.604
0.15201129,619.56995
0.15219039,619.63995
0.15237159,619.60449
0.15255089,619.62335
0.15273119,619.6684
0.15290989,619.62402
0.15309019,619.67853
0.15327109,619.64471
0.15345209,619.66272
0.15363149,619.70544
0.15381129,619.65649
0.15399339,619.71631
0.15417679,619.6795
0.15435839,619.67389
0.15453899,619.71161
0.15472029,619.70245
0.15490329,619.72278
0.15508369,619.68597
0.15526549,619.71136
0.15544569,619.67786
0.15562729,619.74121
0.15580989,619.71875
0.15599209,619.74744
0.15617339,619.7627
0.15635469,619.70746
0.15653619,619.7702
0.15671809,619.78168
0.15689959,619.7442
0.15708449,619.85046
0.15726699,619.74927
0.15744839,619.76453
0.15763069,619.77643
0.15781379,619.72723
0.15799499,619.81946
0.15817849,619.74976
0.15835819,619.8064
0.15854329,619.75824
0.15872519,619.76984
0.15891189,619.76923
0.15909359,619.7641
0.15927629,619.76038
0.15945899,619.74475
0.15964199,619.78101
0.15982569,619.76373
0.16000549,619.79694
0.16019069,619.75439
0.16037259,619.71466
0.16055489,619.776
0.16073519,619.74182
0.16091529,619.8103
0.16110159,619.75934
0.16128199,619.71564
0.16146399,619.78186
0.16164859,619.77606
0.16183059,619.8252
0.16201369,619.78253
0.16219599,619.77448
0.16238119,619.78125
0.16256609,619.75519
0.16274559,619.78705
0.16293029,619.74054
0.16311479,619.74463
0.16330019,619.73999
0.16348389,619.72614
0.16366589,619.77539
0.16385109,619.75702
0.16403579,619.75647
0.16421599,619.72156
0.16440269,619.71594
0.16458519,619.76178
0.16477059,619.79956
0.16495849,619.76941
0.16514119,619.76752
0.16532529,619.78973
0.16550989,619.75452
0.16569749,619.78107
0.16588089,619.78326
0.16606509,619.72845
0.16625479,619.77948
0.16643929,619.72076
0.16662479,619.75464
0.16681129,619.75104
0.16699519,619.72034
0.16718059,619.75989
0.16736679,619.6803
0.16755469,619.6861
0.16773979,619.6886
0.16792499,619.67023
0.16811109,619.69281
0.16829769,619.6781
0.16848379,619.69287
0.16867229,619.66522
0.16885619,619.6886
0.16904399,619.63318
0.16922769,619.64221
0.16941359,619.6712
0.16960019,619.64178
0.16978789,619.66724
0.16997769,619.65625
0.17016219,619.64124
0.17035079,619.66223
0.17053509,619.58752
0.17072349,619.65845
0.17090989,619.5799
0.17109839,619.57977
0.17128439,619.56964
0.17147289,619.54761
0.17165759,619.57684
0.17184859,619.52423
0.17203389,619.50885
0.17221899,619.48151
0.17240529,619.47449
0.17259269,619.48285
0.17278079,619.45135
0.17296579,619.4978
0.17315529,619.49243
0.17334399,619.47565
0.17353319,619.44604
0.17371849,619.43359
0.17390669,619.43835
0.17409239,619.42944
0.17428159,619.41638
0.17446889,619.38342
0.17465769,619.41833
0.17484499,619.43506
0.17503269,619.39594
0.17522229,619.40015
0.17540949,619.35016
0.17559969,619.33057
0.17578869,619.3045
0.17597569,619.29742
0.17616549,619.3476
0.17635239,619.27783
0.17654149,619.27979
0.17673239,619.23694
0.17692049,619.24744
0.17711069,619.22498
0.17729999,619.20807
0.17748789,619.23364
0.17767749,619.18811
0.17786789,619.22711
0.17805669,619.14148
0.17824799,619.21759
0.17843719,619.20807
0.17862759,619.13745
0.17881959,619.15454
0.17901019,619.1106
0.17919849,619.11731
0.17939289,619.14642
0.17958189,619.05176
0.17977149,619.09235
0.17996279,619.00696
0.18015349,619.03131
0.18034319,619.02197
0.18053199,618.96997
0.18072499,618.98444
0.18091509,618.89038
0.18110449,618.94885
0.18129749,618.91492
0.18148809,618.91156
0.18167689,618.84174
0.18186949,618.84247
0.18206129,618.85864
0.18225129,618.81146
0.18243799,618.82581
0.18262929,618.78339
0.18281759,618.79572
0.18301179,618.7796
0.18320199,618.75916
0.18339289,618.7644
0.18358259,618.70203
0.18377489,618.72614
0.18396729,618.69617
0.18415619,618.67938
0.18434939,618.67847
0.18453849,618.60596
0.18473089,618.61035
0.18492059,618.5661
0.18511159,618.52454
0.18530249,618.55853
0.18549559,618.48041
0.18568609,618.49969
0.18587639,618.42328
0.18606899,618.40948
0.18625929,618.43665
0.18645089,618.4295
0.18664219,618.43134
0.18683299,618.3941
0.18702769,618.37244
0.18722019,618.33313
0.18741299,618.34741
0.18760709,618.29938
0.18779769,618.31818
0.18799159,618.28729
0.18818339,618.2323
0.18837599,618.22864
0.18856849,618.15753
0.18876079,618.17944
0.18895689,618.1886
0.18914629,618.07916
0.18934129,618.11469
0.18953349,618.05121
0.18972569,618.05554
0.18992169,618.06647
0.19011709,617.95532
0.19030939,617.98981
0.19050369,617.9129
0.19069749,617.90118
0.19089049,617.88727
0.19108549,617.89294
0.19127829,617.86572
0.19147189,617.8136
0.19166629,617.8324
0.19186279,617.75067
0.19205739,617.80072
0.19225059,617.75049
0.19244439,617.70441
0.19263749,617.6991
0.19283229,617.61957
0.19302819,617.65381
0.19322319,617.61218
0.19341469,617.55505
0.19361049,617.55396
0.19380569,617.51862
0.19399799,617.47772
0.19419319,617.41516
0.19438559,617.38757
0.19458089,617.35706
0.19477539,617.34912
0.19496699,617.30823
0.19516329,617.25525
0.19535669,617.26111
0.19555379,617.2146
0.19574659,617.17773
0.19594349,617.21332
0.19613679,617.1767
0.19633529,617.14105
0.19652909,617.08704
0.19672499,617.07953
0.19691919,616.98938
0.19711059,617.01166
0.19730679,616.95013
0.19750329,616.93231
0.19769769,616.90863
0.19789279,616.84778
0.19808739,616.86127
0.19828259,616.81604
0.19847539,616.76276
0.19867249,616.75757
0.19886629,616.64075
0.19906299,616.66705
0.19926029,616.638
0.19945669,616.58881
0.19965359,616.58844
0.19984759,616.51746
0.20004499,616.49481
0.20024179,616.46167
0.20043779,616.4071
0.20063369,616.37482
0.20083019,616.37482
0.20102659,616.31201
0.20122049,616.24652
0.20141689,616.27417
0.20161479,616.19116
0.20180729,616.16382
0.20200459,616.17633
0.20219959,616.0882
0.20239709,616.15454
0.20259469,616.03522
0.20279089,616.00708
0.20299019,615.97705
0.20318369,615.85095
0.20338479,615.92035
0.20358049,615.80835
0.20377869,615.81476
0.20397639,615.74323
0.20417339,615.68823
0.20437299,615.71301
0.20457029,615.6239
0.20476779,615.61322
0.20496439,615.53253
0.20516349,615.51044
0.20536129,615.46338
0.20555569,615.41492
0.20575309,615.37457
0.20594969,615.31171
0.20614809,615.31
0.20634509,615.2149
0.20653999,615.22687
0.20673909,615.15601
0.20693439,615.07233
0.20713069,615.08704
0.20732919,614.995
0.20752259,614.96991
0.20772079,614.94006
0.20792039,614.87921
0.20811749,614.89758
0.20831599,614.76477
0.20851219,614.73077
0.20871219,614.66736
0.20890699,614.61188
0.20910579,614.59857
0.20930349,614.53339
0.20950079,614.48932
0.20969659,614.45825
0.20989449,614.42694
0.21009299,614.35333
0.21029049,614.30963
0.21048759,614.28815
0.21068609,614.24969
0.21088429,614.18774
0.21108319,614.10632
0.21128039,614.12915
0.21147979,614.07013
0.21167689,614.0141
0.21187499,613.9848
0.21207409,613.87366
0.21227279,613.86902
0.21247389,613.78204
0.21267239,613.72943
0.21286819,613.70312
0.21306879,613.58197
0.21326669,613.60382
0.21346929,613.52606
0.21366559,613.43909
0.21386659,613.40179
0.21406309,613.31171
0.21426229,613.33221
0.21446039,613.23969
0.21466169,613.24615
0.21486099,613.14081
0.21506149,613.08765
0.21525979,613.02728
0.21545929,612.96832
0.21565939,612.97375
0.21585909,612.85828
0.21605799,612.7923
0.21625829,612.7641
0.21645699,612.70862
0.21665769,612.70233
0.21685769,612.56677
0.21705769,612.50238
0.21725739,612.41675
0.21745719,612.3678
0.21765529,612.29138
0.21785319,612.19147
0.21805219,612.18408
0.21825099,612.10382
0.21845129,612.04376
0.21864949,611.95612
0.21884599,611.88684
0.21904649,611.8822
0.21924309,611.77411
0.21944089,611.7298
0.21964269,611.69867
0.21984109,611.64746
0.22004309,611.58105
0.22024329,611.53571
0.22043919,611.44104
0.22063969,611.35211
0.22084149,611.33221
0.22104169,611.25671
0.22124249,611.19897
0.22144279,611.11334
0.22164229,611.00812
0.22184029,610.95416
0.22203999,610.83997
0.22224069,610.8067
0.22244229,610.7337
0.22263729,610.63068
0.22283869,610.60645
0.22303669,610.47546
0.22323599,610.43085
0.22343679,610.37274
0.22363909,610.31732
0.22384099,610.25232
0.22403709,610.211
0.22424139,610.12048
0.22444179,610.02216
0.22464509,609.99261
0.22484349,609.84991
0.22504419,609.82904
0.22524679,609.79565
0.22544579,609.65967
0.22564849,609.62695
0.22585119,609.50085
0.22604969,609.43146
0.22625429,609.42395
0.22645409,609.26263
0.22665609,609.23077
0.22685769,609.09106
0.22705659,609.0097
0.22726009,608.99188
0.22746069,608.84015
0.22766289,608.80377
0.22786419,608.66681
0.22806459,608.60114
0.22826499,608.49664
0.22846599,608.44415
0.22866669,608.34619
0.22886799,608.31567
0.22906829,608.24219
0.22926979,608.09619
0.22947139,608.07709
0.22967359,607.96893
0.22987569,607.88647
0.23007609,607.81128
0.23027549,607.69922
0.23047539,607.64728
0.23067659,607.51605
0.23087779,607.46393
0.23107859,607.39801
0.23127959,607.2655
0.23148129,607.21222
0.23168149,607.0592
0.23188149,607.00958
0.23208459,606.8775
0.23228279,606.77026
0.23248379,606.70404
0.23268059,606.57629
0.23287969,606.52942
0.23308329,606.42206
0.23328489,606.36395
0.23348649,606.28943
0.23368859,606.18842
0.23389159,606.10144
0.23409299,605.99634
0.23429549,605.90106
0.23449549,605.80627
0.23469789,605.7467
0.23489879,605.58661
0.23509999,605.53467
0.23530209,605.43738
0.23550359,605.33179
0.23570569,605.23126
0.23590919,605.10126
0.23610799,605.01141
0.23631239,604.96124
0.23651339,604.78625
0.23671789,604.73389
0.23691799,604.56659
0.23712099,604.47876
0.23732199,604.45581
0.23752369,604.2793
0.23772899,604.21338
0.23793219,604.0788
0.23813249,603.98395
0.23833669,603.91327
0.23853789,603.80603
0.23874109,603.70056
0.23894349,603.56799
0.23914859,603.49976
0.23934659,603.3075
0.23955059,603.23779
0.23975339,603.15204
0.23995549,603.03235
0.24015939,602.94977
0.24036159,602.80292
0.24056269,602.72882
0.24076929,602.60437
0.24096769,602.45154
0.24117109,602.38611
0.24137359,602.21039
0.24157469,602.10406
0.24177849,601.96765
0.24198069,601.85626
0.24218349,601.77588
0.24238719,601.64404
0.24258739,601.53912
0.24279119,601.37311
0.24299259,601.28314
0.24319659,601.17316
0.24339869,601.02844
0.24359939,600.95203
0.24380339,600.80396
0.24400559,600.69458
0.24420849,600.56287
0.24441109,600.47595
0.24461189,600.29016
0.24481399,600.2041
0.24501709,600.07013
0.24521869,599.94202
0.24541969,599.86273
0.24562159,599.70953
0.24582409,599.5838
0.24602769,599.45416
0.24623159,599.3031
0.24643519,599.2016
0.24663819,599.00214
0.24683799,598.88617
0.24704369,598.79645
0.24724549,598.64569
0.24745029,598.54254
0.24765229,598.39545
0.24785689,598.26923
0.24806099,598.10223
0.24826499,597.97333
0.24846779,597.85864
0.24867109,597.72253
0.24887489,597.60956
0.24907559,597.40076
0.24927899,597.34106
0.24948299,597.177
0.24968579,597.00806
0.24989029,596.94586
0.25009449,596.74231
0.25029859,596.63556
0.25050489,596.44031
0.25070559,596.28009
0.25091179,596.19135
0.25111249,595.97406
0.25131719,595.88269
0.25151889,595.66846
0.25172229,595.54028
0.25192549,595.41449
0.25212579,595.2359
0.25232859,595.14655
0.25252949,594.95081
0.25273549,594.82123
0.25293689,594.63385
0.25314249,594.48395
0.25334439,594.34045
0.25354789,594.15759
0.25375029,594.01874
0.25395559,593.83777
0.25415739,593.70764
0.25436009,593.53125
0.25455949,593.40466
0.25476579,593.24213
0.25496629,593.04645
0.25517339,592.92548
0.25537589,592.7168
0.25557679,592.57947
0.25578319,592.4184
0.25598539,592.20721
0.25619029,592.09326
0.25639389,591.85455
0.25659979,591.70776
0.25680199,591.52655
0.25700779,591.32568
0.25720889,591.18933
0.25741569,590.94196
0.25761389,590.79584
0.25781909,590.651
0.25802119,590.48883
0.25822819,590.29407
0.25843009,590.1272
0.25863389,589.95502
0.25883629,589.75641
0.25904239,589.58282
0.25924419,589.36304
0.25944849,589.25861
0.25965539,589.05554
0.25985579,588.84631
0.26006759,588.66339
0.26025689,588.38068
0.26046189,588.23126
0.26066719,588.07507
0.26087119,587.84607
0.26107809,587.65729
0.26126609,587.37427
0.26146959,587.23792
0.26167449,587.05811
0.26187979,586.79089
0.26208619,586.66193
0.26229139,586.42664
0.26249499,586.25562
0.26270379,585.99976
0.26290509,585.80048
0.26311479,585.55042
0.26331749,585.35205
0.26352369,585.14716
0.26372899,584.86786
0.26393499,584.70337
0.26414089,584.45807
0.26434759,584.20758
0.26455349,584.02026
0.26470639,583.73578
0.26490939,583.5318
0.26511689,583.31354
0.26532309,583.06995
0.26553159,582.86957
0.26573689,582.59094
0.26594409,582.33789
0.26613529,582.05444
0.26633799,581.80615
0.26654519,581.58661
0.26674619,581.30249
0.26695619,581.05188
0.26715899,580.77124
0.26736559,580.54602
0.26757009,580.26276
0.26774329,579.97955
0.26794939,579.74207
0.26812709,579.4577
0.26833369,579.18835
0.26853589,578.90558
0.26874529,578.63556
0.26894049,578.35016
0.26910499,578.06647
0.26931059,577.79535
0.26947669,577.5119
0.26965959,577.22717
0.26984889,576.94226
0.27002589,576.65955
0.27020529,576.37683
0.27038989,576.09277
0.27052399,575.81
0.27070559,575.526
0.27091399,575.2536
0.27105589,574.96747
0.27121069,574.6839
0.27139569,574.40131
0.27156229,574.1167
0.27170369,573.83307
0.27184709,573.55005
0.27201939,573.26764
0.27217689,572.98267
0.27232499,572.69849
0.27247859,572.41339
0.27262649,572.13098
0.27277869,571.84686
0.27291049,571.56049
0.27305929,571.27454
0.27321629,570.99115
0.27334399,570.70734
0.27348099,570.42328
0.27358169,570.1394
0.27375759,569.85486
0.27388169,569.5708
0.27399899,569.28809
0.27410289,569.00293
0.27423489,568.71765
0.27439619,568.43201
0.27451169,568.1488
0.27462379,567.86432
0.27473509,567.58069
0.27487479,567.29852
0.27500629,567.01312
0.27509679,566.72626
0.27519019,566.44403
0.27530959,566.16071
0.27545659,565.87708
0.27555919,565.58887
0.27565819,565.30536
0.27574199,565.01648
0.27586169,564.73431
0.27599669,564.45203
0.27609489,564.16992
0.27618879,563.88428
0.27627419,563.59924
0.27640189,563.31677
0.27650189,563.03107
0.27661009,562.74878
0.27668969,562.46332
0.27678579,562.17554
0.27688599,561.89148
0.27698569,561.6059
0.27708569,561.32343
0.27716339,561.03381
0.27726669,560.74652
0.27735399,560.46381
0.27744129,560.17676
0.27754089,559.89178
0.27761269,559.60907
0.27770789,559.32501
0.27780029,559.039
0.27788479,558.7558
0.27797879,558.47327
0.27806359,558.18695
0.27814469,557.90411
0.27822169,557.61914
0.27829789,557.33075
0.27839069,557.04303
0.27847289,556.75555
0.27854699,556.46777
0.27863139,556.18219
0.27869799,555.89117
0.27875809,555.60876
0.27884859,555.32458
0.27892939,555.04175
0.27900049,554.75134
0.27908689,554.46216
0.27915609,554.17651
0.27921539,553.89142
0.27928069,553.60345
0.27935919,553.31732
0.27943349,553.02917
0.27950479,552.74084
0.27957819,552.45111
0.27964019,552.16443
0.27969799,551.87402
0.27976409,551.59039
0.27983239,551.30115
0.27989019,551.01465
0.27995019,550.73041
0.28002639,550.44171
0.28009229,550.15594
0.28015299,549.86981
0.28021609,549.58398
0.28028039,549.29486
0.28033839,549.00061
0.28038979,548.71509
0.28044749,548.42877
0.28050939,548.14465
0.28056599,547.86249
0.28062029,547.57031
0.28067889,547.27917
0.28073529,546.98584
